{
  "type": "FeatureCollection",
  "name": "pt_bsl_sipongi_hotspot_30days",
  "properties": {
    "pt_id": "pt_bsl",
    "pt_name": "PT Bintang Sawit Lestari",
    "period_start": "2026-08-13",
    "period_end": "2026-09-11",
    "radius_km": 5
  },
  "features": [
    {
      "type": "Feature",
      "geometry": {
        "type": "Point",
        "coordinates": [
          110.95215,
          -0.21708
        ]
      },
      "properties": {
        "confidence": "low",
        "confidence_value": null,
        "sumber": "NASA-MODIS",
        "date_hotspot": "Minggu, 16 Agustus 2026 14:56:00",
        "date_hotspot_ori": "2026-08-16T07:56:00.000000Z",
        "provinsi": null,
        "kabkota": "Sekadau",
        "desa": "Mondi",
        "hs_id": "2026-08-16T07:56:00.000000Z",
        "provinsi_id": 11,
        "long": 110.95215,
        "ori_sumber": null,
        "desa_id": null,
        "counter": 1,
        "confidence_level": "low",
        "kawasan": "",
        "kecamatan": "Sekadau Hulu",
        "nama_provinsi": "Kalimantan Barat",
        "pulau": "",
        "route_create": "https://opsroom.sipongidata.my.id/daops/laporan/groundcheck/create/form",
        "hotspot_date": "2026-08-16",
        "distance_hgu_km": 4.483,
        "zone": "3–5 km",
        "location_status": "OUTSIDE HGU"
      }
    },
    {
      "type": "Feature",
      "geometry": {
        "type": "Point",
        "coordinates": [
          111.07049,
          -0.14484
        ]
      },
      "properties": {
        "confidence": "low",
        "confidence_value": null,
        "sumber": "NASA-SNPP",
        "date_hotspot": "Selasa, 01 September 2026 13:03:00",
        "date_hotspot_ori": "2026-09-01T06:03:00.000000Z",
        "provinsi": null,
        "kabkota": "Sekadau",
        "desa": "Nanga Pembubuh",
        "hs_id": "2026-09-01T06:03:00.000000Z",
        "provinsi_id": 11,
        "long": 111.07049,
        "ori_sumber": null,
        "desa_id": null,
        "counter": 1,
        "confidence_level": "low",
        "kawasan": "",
        "kecamatan": "Sekadau Hulu",
        "nama_provinsi": "Kalimantan Barat",
        "pulau": "",
        "route_create": "https://opsroom.sipongidata.my.id/daops/laporan/groundcheck/create/form",
        "hotspot_date": "2026-09-01",
        "distance_hgu_km": 4.503,
        "zone": "3–5 km",
        "location_status": "OUTSIDE HGU"
      }
    },
    {
      "type": "Feature",
      "geometry": {
        "type": "Point",
        "coordinates": [
          111.01816,
          -0.20785
        ]
      },
      "properties": {
        "confidence": "medium",
        "confidence_value": null,
        "sumber": "NASA-MODIS",
        "date_hotspot": "Sabtu, 22 Agustus 2026 15:28:00",
        "date_hotspot_ori": "2026-08-22T08:28:00.000000Z",
        "provinsi": null,
        "kabkota": "Sekadau",
        "desa": "Mondi",
        "hs_id": "2026-08-22T08:28:00.000000Z",
        "provinsi_id": 11,
        "long": 111.01816,
        "ori_sumber": null,
        "desa_id": null,
        "counter": 1,
        "confidence_level": "medium",
        "kawasan": "",
        "kecamatan": "Sekadau Hulu",
        "nama_provinsi": "Kalimantan Barat",
        "pulau": "",
        "route_create": "https://opsroom.sipongidata.my.id/daops/laporan/groundcheck/create/form",
        "hotspot_date": "2026-08-22",
        "distance_hgu_km": 0.521,
        "zone": "0–1 km",
        "location_status": "OUTSIDE HGU"
      }
    },
    {
      "type": "Feature",
      "geometry": {
        "type": "Point",
        "coordinates": [
          111.01164,
          -0.17651
        ]
      },
      "properties": {
        "confidence": "medium",
        "confidence_value": null,
        "sumber": "NASA-MODIS",
        "date_hotspot": "Jumat, 21 Agustus 2026 14:50:00",
        "date_hotspot_ori": "2026-08-21T07:50:00.000000Z",
        "provinsi": null,
        "kabkota": "Sekadau",
        "desa": "Tapang Perodah",
        "hs_id": "2026-08-21T07:50:00.000000Z",
        "provinsi_id": 11,
        "long": 111.01164,
        "ori_sumber": null,
        "desa_id": null,
        "counter": 1,
        "confidence_level": "medium",
        "kawasan": "",
        "kecamatan": "Sekadau Hulu",
        "nama_provinsi": "Kalimantan Barat",
        "pulau": "",
        "route_create": "https://opsroom.sipongidata.my.id/daops/laporan/groundcheck/create/form",
        "hotspot_date": "2026-08-21",
        "distance_hgu_km": 2.645,
        "zone": "1–3 km",
        "location_status": "OUTSIDE HGU"
      }
    },
    {
      "type": "Feature",
      "geometry": {
        "type": "Point",
        "coordinates": [
          111.03358,
          -0.24748
        ]
      },
      "properties": {
        "confidence": "medium",
        "confidence_value": null,
        "sumber": "NASA-MODIS",
        "date_hotspot": "Minggu, 16 Agustus 2026 14:56:00",
        "date_hotspot_ori": "2026-08-16T07:56:00.000000Z",
        "provinsi": null,
        "kabkota": "Sekadau",
        "desa": "Tapang Perodah",
        "hs_id": "2026-08-16T07:56:00.000000Z",
        "provinsi_id": 11,
        "long": 111.03358,
        "ori_sumber": null,
        "desa_id": null,
        "counter": 1,
        "confidence_level": "medium",
        "kawasan": "",
        "kecamatan": "Sekadau Hulu",
        "nama_provinsi": "Kalimantan Barat",
        "pulau": "",
        "route_create": "https://opsroom.sipongidata.my.id/daops/laporan/groundcheck/create/form",
        "hotspot_date": "2026-08-16",
        "distance_hgu_km": 2.442,
        "zone": "1–3 km",
        "location_status": "OUTSIDE HGU"
      }
    },
    {
      "type": "Feature",
      "geometry": {
        "type": "Point",
        "coordinates": [
          111.02295,
          -0.16358
        ]
      },
      "properties": {
        "confidence": "medium",
        "confidence_value": null,
        "sumber": "NASA-MODIS",
        "date_hotspot": "Sabtu, 29 Agustus 2026 15:01:00",
        "date_hotspot_ori": "2026-08-29T08:01:00.000000Z",
        "provinsi": null,
        "kabkota": "Sekadau",
        "desa": "Tapang Perodah",
        "hs_id": "2026-08-29T08:01:00.000000Z",
        "provinsi_id": 11,
        "long": 111.02295,
        "ori_sumber": null,
        "desa_id": null,
        "counter": 1,
        "confidence_level": "medium",
        "kawasan": "",
        "kecamatan": "Sekadau Hulu",
        "nama_provinsi": "Kalimantan Barat",
        "pulau": "",
        "route_create": "https://opsroom.sipongidata.my.id/daops/laporan/groundcheck/create/form",
        "hotspot_date": "2026-08-29",
        "distance_hgu_km": 2.755,
        "zone": "1–3 km",
        "location_status": "OUTSIDE HGU"
      }
    },
    {
      "type": "Feature",
      "geometry": {
        "type": "Point",
        "coordinates": [
          110.98453,
          -0.16596
        ]
      },
      "properties": {
        "confidence": "medium",
        "confidence_value": null,
        "sumber": "NASA-MODIS",
        "date_hotspot": "Rabu, 19 Agustus 2026 15:11:00",
        "date_hotspot_ori": "2026-08-19T08:11:00.000000Z",
        "provinsi": null,
        "kabkota": "Sekadau",
        "desa": "Sungaisambang",
        "hs_id": "2026-08-19T08:11:00.000000Z",
        "provinsi_id": 11,
        "long": 110.98453,
        "ori_sumber": null,
        "desa_id": null,
        "counter": 1,
        "confidence_level": "medium",
        "kawasan": "",
        "kecamatan": "Sekadau Hulu",
        "nama_provinsi": "Kalimantan Barat",
        "pulau": "",
        "route_create": "https://opsroom.sipongidata.my.id/daops/laporan/groundcheck/create/form",
        "hotspot_date": "2026-08-19",
        "distance_hgu_km": 4.439,
        "zone": "3–5 km",
        "location_status": "OUTSIDE HGU"
      }
    },
    {
      "type": "Feature",
      "geometry": {
        "type": "Point",
        "coordinates": [
          111.05705,
          -0.19973
        ]
      },
      "properties": {
        "confidence": "medium",
        "confidence_value": null,
        "sumber": "NASA-MODIS",
        "date_hotspot": "Senin, 24 Agustus 2026 15:07:00",
        "date_hotspot_ori": "2026-08-24T08:07:00.000000Z",
        "provinsi": null,
        "kabkota": "Sekadau",
        "desa": "Tapang Perodah",
        "hs_id": "2026-08-24T08:07:00.000000Z",
        "provinsi_id": 11,
        "long": 111.05705,
        "ori_sumber": null,
        "desa_id": null,
        "counter": 1,
        "confidence_level": "medium",
        "kawasan": "",
        "kecamatan": "Sekadau Hulu",
        "nama_provinsi": "Kalimantan Barat",
        "pulau": "",
        "route_create": "https://opsroom.sipongidata.my.id/daops/laporan/groundcheck/create/form",
        "hotspot_date": "2026-08-24",
        "distance_hgu_km": 0.0,
        "zone": "Inside HGU",
        "location_status": "INSIDE HGU"
      }
    },
    {
      "type": "Feature",
      "geometry": {
        "type": "Point",
        "coordinates": [
          110.97183,
          -0.239
        ]
      },
      "properties": {
        "confidence": "medium",
        "confidence_value": null,
        "sumber": "NASA-MODIS",
        "date_hotspot": "Senin, 24 Agustus 2026 15:07:00",
        "date_hotspot_ori": "2026-08-24T08:07:00.000000Z",
        "provinsi": null,
        "kabkota": "Sekadau",
        "desa": "Mondi",
        "hs_id": "2026-08-24T08:07:00.000000Z",
        "provinsi_id": 11,
        "long": 110.97183,
        "ori_sumber": null,
        "desa_id": null,
        "counter": 1,
        "confidence_level": "medium",
        "kawasan": "",
        "kecamatan": "Sekadau Hulu",
        "nama_provinsi": "Kalimantan Barat",
        "pulau": "",
        "route_create": "https://opsroom.sipongidata.my.id/daops/laporan/groundcheck/create/form",
        "hotspot_date": "2026-08-24",
        "distance_hgu_km": 2.944,
        "zone": "1–3 km",
        "location_status": "OUTSIDE HGU"
      }
    },
    {
      "type": "Feature",
      "geometry": {
        "type": "Point",
        "coordinates": [
          111.03661,
          -0.18361
        ]
      },
      "properties": {
        "confidence": "medium",
        "confidence_value": null,
        "sumber": "NASA-MODIS",
        "date_hotspot": "Minggu, 16 Agustus 2026 14:56:00",
        "date_hotspot_ori": "2026-08-16T07:56:00.000000Z",
        "provinsi": null,
        "kabkota": "Sekadau",
        "desa": "Tapang Perodah",
        "hs_id": "2026-08-16T07:56:00.000000Z",
        "provinsi_id": 11,
        "long": 111.03661,
        "ori_sumber": null,
        "desa_id": null,
        "counter": 1,
        "confidence_level": "medium",
        "kawasan": "",
        "kecamatan": "Sekadau Hulu",
        "nama_provinsi": "Kalimantan Barat",
        "pulau": "",
        "route_create": "https://opsroom.sipongidata.my.id/daops/laporan/groundcheck/create/form",
        "hotspot_date": "2026-08-16",
        "distance_hgu_km": 0.074,
        "zone": "0–1 km",
        "location_status": "OUTSIDE HGU"
      }
    },
    {
      "type": "Feature",
      "geometry": {
        "type": "Point",
        "coordinates": [
          110.98711,
          -0.18344
        ]
      },
      "properties": {
        "confidence": "medium",
        "confidence_value": null,
        "sumber": "NASA-MODIS",
        "date_hotspot": "Rabu, 19 Agustus 2026 15:11:00",
        "date_hotspot_ori": "2026-08-19T08:11:00.000000Z",
        "provinsi": null,
        "kabkota": "Sekadau",
        "desa": "Sungaisambang",
        "hs_id": "2026-08-19T08:11:00.000000Z",
        "provinsi_id": 11,
        "long": 110.98711,
        "ori_sumber": null,
        "desa_id": null,
        "counter": 1,
        "confidence_level": "medium",
        "kawasan": "",
        "kecamatan": "Sekadau Hulu",
        "nama_provinsi": "Kalimantan Barat",
        "pulau": "",
        "route_create": "https://opsroom.sipongidata.my.id/daops/laporan/groundcheck/create/form",
        "hotspot_date": "2026-08-19",
        "distance_hgu_km": 2.491,
        "zone": "1–3 km",
        "location_status": "OUTSIDE HGU"
      }
    },
    {
      "type": "Feature",
      "geometry": {
        "type": "Point",
        "coordinates": [
          111.03912,
          -0.25096
        ]
      },
      "properties": {
        "confidence": "medium",
        "confidence_value": null,
        "sumber": "NASA-MODIS",
        "date_hotspot": "Rabu, 19 Agustus 2026 15:11:00",
        "date_hotspot_ori": "2026-08-19T08:11:00.000000Z",
        "provinsi": null,
        "kabkota": "Sekadau",
        "desa": "Tapang Perodah",
        "hs_id": "2026-08-19T08:11:00.000000Z",
        "provinsi_id": 11,
        "long": 111.03912,
        "ori_sumber": null,
        "desa_id": null,
        "counter": 1,
        "confidence_level": "medium",
        "kawasan": "",
        "kecamatan": "Sekadau Hulu",
        "nama_provinsi": "Kalimantan Barat",
        "pulau": "",
        "route_create": "https://opsroom.sipongidata.my.id/daops/laporan/groundcheck/create/form",
        "hotspot_date": "2026-08-19",
        "distance_hgu_km": 3.036,
        "zone": "3–5 km",
        "location_status": "OUTSIDE HGU"
      }
    },
    {
      "type": "Feature",
      "geometry": {
        "type": "Point",
        "coordinates": [
          111.07899,
          -0.2457
        ]
      },
      "properties": {
        "confidence": "medium",
        "confidence_value": null,
        "sumber": "NASA-MODIS",
        "date_hotspot": "Jumat, 21 Agustus 2026 14:50:00",
        "date_hotspot_ori": "2026-08-21T07:50:00.000000Z",
        "provinsi": null,
        "kabkota": "Sekadau",
        "desa": "Nanga Pembubuh",
        "hs_id": "2026-08-21T07:50:00.000000Z",
        "provinsi_id": 11,
        "long": 111.07899,
        "ori_sumber": null,
        "desa_id": null,
        "counter": 1,
        "confidence_level": "medium",
        "kawasan": "",
        "kecamatan": "Sekadau Hulu",
        "nama_provinsi": "Kalimantan Barat",
        "pulau": "",
        "route_create": "https://opsroom.sipongidata.my.id/daops/laporan/groundcheck/create/form",
        "hotspot_date": "2026-08-21",
        "distance_hgu_km": 3.57,
        "zone": "3–5 km",
        "location_status": "OUTSIDE HGU"
      }
    },
    {
      "type": "Feature",
      "geometry": {
        "type": "Point",
        "coordinates": [
          111.02731,
          -0.19516
        ]
      },
      "properties": {
        "confidence": "medium",
        "confidence_value": null,
        "sumber": "NASA-MODIS",
        "date_hotspot": "Selasa, 01 September 2026 15:16:00",
        "date_hotspot_ori": "2026-09-01T08:16:00.000000Z",
        "provinsi": null,
        "kabkota": "Sekadau",
        "desa": "Tapang Perodah",
        "hs_id": "2026-09-01T08:16:00.000000Z",
        "provinsi_id": 11,
        "long": 111.02731,
        "ori_sumber": null,
        "desa_id": null,
        "counter": 1,
        "confidence_level": "medium",
        "kawasan": "",
        "kecamatan": "Sekadau Hulu",
        "nama_provinsi": "Kalimantan Barat",
        "pulau": "",
        "route_create": "https://opsroom.sipongidata.my.id/daops/laporan/groundcheck/create/form",
        "hotspot_date": "2026-09-01",
        "distance_hgu_km": 0.0,
        "zone": "Inside HGU",
        "location_status": "INSIDE HGU"
      }
    },
    {
      "type": "Feature",
      "geometry": {
        "type": "Point",
        "coordinates": [
          111.02896,
          -0.17696
        ]
      },
      "properties": {
        "confidence": "medium",
        "confidence_value": null,
        "sumber": "NASA-MODIS",
        "date_hotspot": "Minggu, 06 September 2026 15:09:00",
        "date_hotspot_ori": "2026-09-06T08:09:00.000000Z",
        "provinsi": null,
        "kabkota": "Sekadau",
        "desa": "Tapang Perodah",
        "hs_id": "2026-09-06T08:09:00.000000Z",
        "provinsi_id": 11,
        "long": 111.02896,
        "ori_sumber": null,
        "desa_id": null,
        "counter": 1,
        "confidence_level": "medium",
        "kawasan": "",
        "kecamatan": "Sekadau Hulu",
        "nama_provinsi": "Kalimantan Barat",
        "pulau": "",
        "route_create": "https://opsroom.sipongidata.my.id/daops/laporan/groundcheck/create/form",
        "hotspot_date": "2026-09-06",
        "distance_hgu_km": 1.183,
        "zone": "1–3 km",
        "location_status": "OUTSIDE HGU"
      }
    },
    {
      "type": "Feature",
      "geometry": {
        "type": "Point",
        "coordinates": [
          110.98342,
          -0.18534
        ]
      },
      "properties": {
        "confidence": "medium",
        "confidence_value": null,
        "sumber": "NASA-MODIS",
        "date_hotspot": "Sabtu, 22 Agustus 2026 15:28:00",
        "date_hotspot_ori": "2026-08-22T08:28:00.000000Z",
        "provinsi": null,
        "kabkota": "Sekadau",
        "desa": "Sungaisambang",
        "hs_id": "2026-08-22T08:28:00.000000Z",
        "provinsi_id": 11,
        "long": 110.98342,
        "ori_sumber": null,
        "desa_id": null,
        "counter": 1,
        "confidence_level": "medium",
        "kawasan": "",
        "kecamatan": "Sekadau Hulu",
        "nama_provinsi": "Kalimantan Barat",
        "pulau": "",
        "route_create": "https://opsroom.sipongidata.my.id/daops/laporan/groundcheck/create/form",
        "hotspot_date": "2026-08-22",
        "distance_hgu_km": 2.426,
        "zone": "1–3 km",
        "location_status": "OUTSIDE HGU"
      }
    },
    {
      "type": "Feature",
      "geometry": {
        "type": "Point",
        "coordinates": [
          111.05034,
          -0.1543
        ]
      },
      "properties": {
        "confidence": "medium",
        "confidence_value": null,
        "sumber": "NASA-MODIS",
        "date_hotspot": "Senin, 24 Agustus 2026 15:07:00",
        "date_hotspot_ori": "2026-08-24T08:07:00.000000Z",
        "provinsi": null,
        "kabkota": "Sekadau",
        "desa": "Tapang Perodah",
        "hs_id": "2026-08-24T08:07:00.000000Z",
        "provinsi_id": 11,
        "long": 111.05034,
        "ori_sumber": null,
        "desa_id": null,
        "counter": 1,
        "confidence_level": "medium",
        "kawasan": "",
        "kecamatan": "Sekadau Hulu",
        "nama_provinsi": "Kalimantan Barat",
        "pulau": "",
        "route_create": "https://opsroom.sipongidata.my.id/daops/laporan/groundcheck/create/form",
        "hotspot_date": "2026-08-24",
        "distance_hgu_km": 3.296,
        "zone": "3–5 km",
        "location_status": "OUTSIDE HGU"
      }
    },
    {
      "type": "Feature",
      "geometry": {
        "type": "Point",
        "coordinates": [
          111.10535,
          -0.20855
        ]
      },
      "properties": {
        "confidence": "medium",
        "confidence_value": null,
        "sumber": "NASA-MODIS",
        "date_hotspot": "Senin, 31 Agustus 2026 19:59:00",
        "date_hotspot_ori": "2026-08-31T12:59:00.000000Z",
        "provinsi": null,
        "kabkota": "Sintang",
        "desa": "Sekubang",
        "hs_id": "2026-08-31T12:59:00.000000Z",
        "provinsi_id": 11,
        "long": 111.10535,
        "ori_sumber": null,
        "desa_id": null,
        "counter": 1,
        "confidence_level": "medium",
        "kawasan": "",
        "kecamatan": "Sepauk",
        "nama_provinsi": "Kalimantan Barat",
        "pulau": "",
        "route_create": "https://opsroom.sipongidata.my.id/daops/laporan/groundcheck/create/form",
        "hotspot_date": "2026-08-31",
        "distance_hgu_km": 3.695,
        "zone": "3–5 km",
        "location_status": "OUTSIDE HGU"
      }
    },
    {
      "type": "Feature",
      "geometry": {
        "type": "Point",
        "coordinates": [
          111.04815,
          -0.17212
        ]
      },
      "properties": {
        "confidence": "medium",
        "confidence_value": null,
        "sumber": "NASA-NOAA20",
        "date_hotspot": "Kamis, 20 Agustus 2026 13:50:00",
        "date_hotspot_ori": "2026-08-20T06:50:00.000000Z",
        "provinsi": null,
        "kabkota": "Sekadau",
        "desa": "Tapang Perodah",
        "hs_id": "2026-08-20T06:50:00.000000Z",
        "provinsi_id": 11,
        "long": 111.04815,
        "ori_sumber": null,
        "desa_id": null,
        "counter": 1,
        "confidence_level": "medium",
        "kawasan": "",
        "kecamatan": "Sekadau Hulu",
        "nama_provinsi": "Kalimantan Barat",
        "pulau": "",
        "route_create": "https://opsroom.sipongidata.my.id/daops/laporan/groundcheck/create/form",
        "hotspot_date": "2026-08-20",
        "distance_hgu_km": 1.328,
        "zone": "1–3 km",
        "location_status": "OUTSIDE HGU"
      }
    },
    {
      "type": "Feature",
      "geometry": {
        "type": "Point",
        "coordinates": [
          110.98803,
          -0.18238
        ]
      },
      "properties": {
        "confidence": "medium",
        "confidence_value": null,
        "sumber": "NASA-SNPP",
        "date_hotspot": "Kamis, 20 Agustus 2026 13:29:00",
        "date_hotspot_ori": "2026-08-20T06:29:00.000000Z",
        "provinsi": null,
        "kabkota": "Sekadau",
        "desa": "Sungaisambang",
        "hs_id": "2026-08-20T06:29:00.000000Z",
        "provinsi_id": 11,
        "long": 110.98803,
        "ori_sumber": null,
        "desa_id": null,
        "counter": 1,
        "confidence_level": "medium",
        "kawasan": "",
        "kecamatan": "Sekadau Hulu",
        "nama_provinsi": "Kalimantan Barat",
        "pulau": "",
        "route_create": "https://opsroom.sipongidata.my.id/daops/laporan/groundcheck/create/form",
        "hotspot_date": "2026-08-20",
        "distance_hgu_km": 2.583,
        "zone": "1–3 km",
        "location_status": "OUTSIDE HGU"
      }
    },
    {
      "type": "Feature",
      "geometry": {
        "type": "Point",
        "coordinates": [
          111.03111,
          -0.17905
        ]
      },
      "properties": {
        "confidence": "medium",
        "confidence_value": null,
        "sumber": "NASA-SNPP",
        "date_hotspot": "Kamis, 20 Agustus 2026 13:29:00",
        "date_hotspot_ori": "2026-08-20T06:29:00.000000Z",
        "provinsi": null,
        "kabkota": "Sekadau",
        "desa": "Tapang Perodah",
        "hs_id": "2026-08-20T06:29:00.000000Z",
        "provinsi_id": 11,
        "long": 111.03111,
        "ori_sumber": null,
        "desa_id": null,
        "counter": 1,
        "confidence_level": "medium",
        "kawasan": "",
        "kecamatan": "Sekadau Hulu",
        "nama_provinsi": "Kalimantan Barat",
        "pulau": "",
        "route_create": "https://opsroom.sipongidata.my.id/daops/laporan/groundcheck/create/form",
        "hotspot_date": "2026-08-20",
        "distance_hgu_km": 0.85,
        "zone": "0–1 km",
        "location_status": "OUTSIDE HGU"
      }
    },
    {
      "type": "Feature",
      "geometry": {
        "type": "Point",
        "coordinates": [
          110.97208,
          -0.22605
        ]
      },
      "properties": {
        "confidence": "medium",
        "confidence_value": null,
        "sumber": "NASA-SNPP",
        "date_hotspot": "Jumat, 14 Agustus 2026 13:42:00",
        "date_hotspot_ori": "2026-08-14T06:42:00.000000Z",
        "provinsi": null,
        "kabkota": "Sekadau",
        "desa": "Mondi",
        "hs_id": "2026-08-14T06:42:00.000000Z",
        "provinsi_id": 11,
        "long": 110.97208,
        "ori_sumber": null,
        "desa_id": null,
        "counter": 1,
        "confidence_level": "medium",
        "kawasan": "",
        "kecamatan": "Sekadau Hulu",
        "nama_provinsi": "Kalimantan Barat",
        "pulau": "",
        "route_create": "https://opsroom.sipongidata.my.id/daops/laporan/groundcheck/create/form",
        "hotspot_date": "2026-08-14",
        "distance_hgu_km": 2.332,
        "zone": "1–3 km",
        "location_status": "OUTSIDE HGU"
      }
    },
    {
      "type": "Feature",
      "geometry": {
        "type": "Point",
        "coordinates": [
          111.02451,
          -0.14515
        ]
      },
      "properties": {
        "confidence": "medium",
        "confidence_value": null,
        "sumber": "NASA-NOAA20",
        "date_hotspot": "Jumat, 21 Agustus 2026 13:29:00",
        "date_hotspot_ori": "2026-08-21T06:29:00.000000Z",
        "provinsi": null,
        "kabkota": "Sekadau",
        "desa": "Setawar",
        "hs_id": "2026-08-21T06:29:00.000000Z",
        "provinsi_id": 11,
        "long": 111.02451,
        "ori_sumber": null,
        "desa_id": null,
        "counter": 1,
        "confidence_level": "medium",
        "kawasan": "",
        "kecamatan": "Sekadau Hulu",
        "nama_provinsi": "Kalimantan Barat",
        "pulau": "",
        "route_create": "https://opsroom.sipongidata.my.id/daops/laporan/groundcheck/create/form",
        "hotspot_date": "2026-08-21",
        "distance_hgu_km": 4.486,
        "zone": "3–5 km",
        "location_status": "OUTSIDE HGU"
      }
    },
    {
      "type": "Feature",
      "geometry": {
        "type": "Point",
        "coordinates": [
          111.04806,
          -0.15377
        ]
      },
      "properties": {
        "confidence": "medium",
        "confidence_value": null,
        "sumber": "NASA-NOAA20",
        "date_hotspot": "Jumat, 21 Agustus 2026 13:29:00",
        "date_hotspot_ori": "2026-08-21T06:29:00.000000Z",
        "provinsi": null,
        "kabkota": "Sekadau",
        "desa": "Tapang Perodah",
        "hs_id": "2026-08-21T06:29:00.000000Z",
        "provinsi_id": 11,
        "long": 111.04806,
        "ori_sumber": null,
        "desa_id": null,
        "counter": 1,
        "confidence_level": "medium",
        "kawasan": "",
        "kecamatan": "Sekadau Hulu",
        "nama_provinsi": "Kalimantan Barat",
        "pulau": "",
        "route_create": "https://opsroom.sipongidata.my.id/daops/laporan/groundcheck/create/form",
        "hotspot_date": "2026-08-21",
        "distance_hgu_km": 3.323,
        "zone": "3–5 km",
        "location_status": "OUTSIDE HGU"
      }
    },
    {
      "type": "Feature",
      "geometry": {
        "type": "Point",
        "coordinates": [
          111.01205,
          -0.15159
        ]
      },
      "properties": {
        "confidence": "medium",
        "confidence_value": null,
        "sumber": "NASA-NOAA20",
        "date_hotspot": "Jumat, 21 Agustus 2026 13:29:00",
        "date_hotspot_ori": "2026-08-21T06:29:00.000000Z",
        "provinsi": null,
        "kabkota": "Sekadau",
        "desa": "Tapang Perodah",
        "hs_id": "2026-08-21T06:29:00.000000Z",
        "provinsi_id": 11,
        "long": 111.01205,
        "ori_sumber": null,
        "desa_id": null,
        "counter": 1,
        "confidence_level": "medium",
        "kawasan": "",
        "kecamatan": "Sekadau Hulu",
        "nama_provinsi": "Kalimantan Barat",
        "pulau": "",
        "route_create": "https://opsroom.sipongidata.my.id/daops/laporan/groundcheck/create/form",
        "hotspot_date": "2026-08-21",
        "distance_hgu_km": 4.54,
        "zone": "3–5 km",
        "location_status": "OUTSIDE HGU"
      }
    },
    {
      "type": "Feature",
      "geometry": {
        "type": "Point",
        "coordinates": [
          111.01278,
          -0.15593
        ]
      },
      "properties": {
        "confidence": "medium",
        "confidence_value": null,
        "sumber": "NASA-NOAA20",
        "date_hotspot": "Jumat, 21 Agustus 2026 13:29:00",
        "date_hotspot_ori": "2026-08-21T06:29:00.000000Z",
        "provinsi": null,
        "kabkota": "Sekadau",
        "desa": "Tapang Perodah",
        "hs_id": "2026-08-21T06:29:00.000000Z",
        "provinsi_id": 11,
        "long": 111.01278,
        "ori_sumber": null,
        "desa_id": null,
        "counter": 1,
        "confidence_level": "medium",
        "kawasan": "",
        "kecamatan": "Sekadau Hulu",
        "nama_provinsi": "Kalimantan Barat",
        "pulau": "",
        "route_create": "https://opsroom.sipongidata.my.id/daops/laporan/groundcheck/create/form",
        "hotspot_date": "2026-08-21",
        "distance_hgu_km": 4.115,
        "zone": "3–5 km",
        "location_status": "OUTSIDE HGU"
      }
    },
    {
      "type": "Feature",
      "geometry": {
        "type": "Point",
        "coordinates": [
          111.02585,
          -0.1482
        ]
      },
      "properties": {
        "confidence": "medium",
        "confidence_value": null,
        "sumber": "NASA-NOAA20",
        "date_hotspot": "Jumat, 21 Agustus 2026 13:29:00",
        "date_hotspot_ori": "2026-08-21T06:29:00.000000Z",
        "provinsi": null,
        "kabkota": "Sekadau",
        "desa": "Tapang Perodah",
        "hs_id": "2026-08-21T06:29:00.000000Z",
        "provinsi_id": 11,
        "long": 111.02585,
        "ori_sumber": null,
        "desa_id": null,
        "counter": 1,
        "confidence_level": "medium",
        "kawasan": "",
        "kecamatan": "Sekadau Hulu",
        "nama_provinsi": "Kalimantan Barat",
        "pulau": "",
        "route_create": "https://opsroom.sipongidata.my.id/daops/laporan/groundcheck/create/form",
        "hotspot_date": "2026-08-21",
        "distance_hgu_km": 4.117,
        "zone": "3–5 km",
        "location_status": "OUTSIDE HGU"
      }
    },
    {
      "type": "Feature",
      "geometry": {
        "type": "Point",
        "coordinates": [
          111.01697,
          -0.23115
        ]
      },
      "properties": {
        "confidence": "medium",
        "confidence_value": null,
        "sumber": "NASA-NOAA20",
        "date_hotspot": "Sabtu, 22 Agustus 2026 13:12:00",
        "date_hotspot_ori": "2026-08-22T06:12:00.000000Z",
        "provinsi": null,
        "kabkota": "Sekadau",
        "desa": "Mondi",
        "hs_id": "2026-08-22T06:12:00.000000Z",
        "provinsi_id": 11,
        "long": 111.01697,
        "ori_sumber": null,
        "desa_id": null,
        "counter": 1,
        "confidence_level": "medium",
        "kawasan": "",
        "kecamatan": "Sekadau Hulu",
        "nama_provinsi": "Kalimantan Barat",
        "pulau": "",
        "route_create": "https://opsroom.sipongidata.my.id/daops/laporan/groundcheck/create/form",
        "hotspot_date": "2026-08-22",
        "distance_hgu_km": 0.433,
        "zone": "0–1 km",
        "location_status": "OUTSIDE HGU"
      }
    },
    {
      "type": "Feature",
      "geometry": {
        "type": "Point",
        "coordinates": [
          111.03157,
          -0.18964
        ]
      },
      "properties": {
        "confidence": "medium",
        "confidence_value": null,
        "sumber": "NASA-SNPP",
        "date_hotspot": "Minggu, 23 Agustus 2026 12:33:00",
        "date_hotspot_ori": "2026-08-23T05:33:00.000000Z",
        "provinsi": null,
        "kabkota": "Sekadau",
        "desa": "Tapang Perodah",
        "hs_id": "2026-08-23T05:33:00.000000Z",
        "provinsi_id": 11,
        "long": 111.03157,
        "ori_sumber": null,
        "desa_id": null,
        "counter": 1,
        "confidence_level": "medium",
        "kawasan": "",
        "kecamatan": "Sekadau Hulu",
        "nama_provinsi": "Kalimantan Barat",
        "pulau": "",
        "route_create": "https://opsroom.sipongidata.my.id/daops/laporan/groundcheck/create/form",
        "hotspot_date": "2026-08-23",
        "distance_hgu_km": 0.434,
        "zone": "0–1 km",
        "location_status": "OUTSIDE HGU"
      }
    },
    {
      "type": "Feature",
      "geometry": {
        "type": "Point",
        "coordinates": [
          111.06892,
          -0.15095
        ]
      },
      "properties": {
        "confidence": "medium",
        "confidence_value": null,
        "sumber": "NASA-NOAA20",
        "date_hotspot": "Minggu, 23 Agustus 2026 12:53:00",
        "date_hotspot_ori": "2026-08-23T05:53:00.000000Z",
        "provinsi": null,
        "kabkota": "Sekadau",
        "desa": "Nanga Pembubuh",
        "hs_id": "2026-08-23T05:53:00.000000Z",
        "provinsi_id": 11,
        "long": 111.06892,
        "ori_sumber": null,
        "desa_id": null,
        "counter": 1,
        "confidence_level": "medium",
        "kawasan": "",
        "kecamatan": "Sekadau Hulu",
        "nama_provinsi": "Kalimantan Barat",
        "pulau": "",
        "route_create": "https://opsroom.sipongidata.my.id/daops/laporan/groundcheck/create/form",
        "hotspot_date": "2026-08-23",
        "distance_hgu_km": 3.806,
        "zone": "3–5 km",
        "location_status": "OUTSIDE HGU"
      }
    },
    {
      "type": "Feature",
      "geometry": {
        "type": "Point",
        "coordinates": [
          111.06979,
          -0.14464
        ]
      },
      "properties": {
        "confidence": "medium",
        "confidence_value": null,
        "sumber": "NASA-NOAA20",
        "date_hotspot": "Selasa, 01 September 2026 13:25:00",
        "date_hotspot_ori": "2026-09-01T06:25:00.000000Z",
        "provinsi": null,
        "kabkota": "Sekadau",
        "desa": "Nanga Pembubuh",
        "hs_id": "2026-09-01T06:25:00.000000Z",
        "provinsi_id": 11,
        "long": 111.06979,
        "ori_sumber": null,
        "desa_id": null,
        "counter": 1,
        "confidence_level": "medium",
        "kawasan": "",
        "kecamatan": "Sekadau Hulu",
        "nama_provinsi": "Kalimantan Barat",
        "pulau": "",
        "route_create": "https://opsroom.sipongidata.my.id/daops/laporan/groundcheck/create/form",
        "hotspot_date": "2026-09-01",
        "distance_hgu_km": 4.505,
        "zone": "3–5 km",
        "location_status": "OUTSIDE HGU"
      }
    },
    {
      "type": "Feature",
      "geometry": {
        "type": "Point",
        "coordinates": [
          111.07485,
          -0.20462
        ]
      },
      "properties": {
        "confidence": "medium",
        "confidence_value": null,
        "sumber": "NASA-SNPP",
        "date_hotspot": "Rabu, 26 Agustus 2026 13:18:00",
        "date_hotspot_ori": "2026-08-26T06:18:00.000000Z",
        "provinsi": null,
        "kabkota": "Sekadau",
        "desa": "Nanga Pembubuh",
        "hs_id": "2026-08-26T06:18:00.000000Z",
        "provinsi_id": 11,
        "long": 111.07485,
        "ori_sumber": null,
        "desa_id": null,
        "counter": 1,
        "confidence_level": "medium",
        "kawasan": "",
        "kecamatan": "Sekadau Hulu",
        "nama_provinsi": "Kalimantan Barat",
        "pulau": "",
        "route_create": "https://opsroom.sipongidata.my.id/daops/laporan/groundcheck/create/form",
        "hotspot_date": "2026-08-26",
        "distance_hgu_km": 0.301,
        "zone": "0–1 km",
        "location_status": "OUTSIDE HGU"
      }
    },
    {
      "type": "Feature",
      "geometry": {
        "type": "Point",
        "coordinates": [
          110.98923,
          -0.18013
        ]
      },
      "properties": {
        "confidence": "medium",
        "confidence_value": null,
        "sumber": "NASA-NOAA20",
        "date_hotspot": "Rabu, 26 Agustus 2026 13:35:00",
        "date_hotspot_ori": "2026-08-26T06:35:00.000000Z",
        "provinsi": null,
        "kabkota": "Sekadau",
        "desa": "Sungaisambang",
        "hs_id": "2026-08-26T06:35:00.000000Z",
        "provinsi_id": 11,
        "long": 110.98923,
        "ori_sumber": null,
        "desa_id": null,
        "counter": 1,
        "confidence_level": "medium",
        "kawasan": "",
        "kecamatan": "Sekadau Hulu",
        "nama_provinsi": "Kalimantan Barat",
        "pulau": "",
        "route_create": "https://opsroom.sipongidata.my.id/daops/laporan/groundcheck/create/form",
        "hotspot_date": "2026-08-26",
        "distance_hgu_km": 2.808,
        "zone": "1–3 km",
        "location_status": "OUTSIDE HGU"
      }
    },
    {
      "type": "Feature",
      "geometry": {
        "type": "Point",
        "coordinates": [
          110.98195,
          -0.16644
        ]
      },
      "properties": {
        "confidence": "medium",
        "confidence_value": null,
        "sumber": "NASA-NOAA20",
        "date_hotspot": "Jumat, 28 Agustus 2026 12:59:00",
        "date_hotspot_ori": "2026-08-28T05:59:00.000000Z",
        "provinsi": null,
        "kabkota": "Sekadau",
        "desa": "Sungaisambang",
        "hs_id": "2026-08-28T05:59:00.000000Z",
        "provinsi_id": 11,
        "long": 110.98195,
        "ori_sumber": null,
        "desa_id": null,
        "counter": 1,
        "confidence_level": "medium",
        "kawasan": "",
        "kecamatan": "Sekadau Hulu",
        "nama_provinsi": "Kalimantan Barat",
        "pulau": "",
        "route_create": "https://opsroom.sipongidata.my.id/daops/laporan/groundcheck/create/form",
        "hotspot_date": "2026-08-28",
        "distance_hgu_km": 4.454,
        "zone": "3–5 km",
        "location_status": "OUTSIDE HGU"
      }
    },
    {
      "type": "Feature",
      "geometry": {
        "type": "Point",
        "coordinates": [
          111.06491,
          -0.15305
        ]
      },
      "properties": {
        "confidence": "medium",
        "confidence_value": null,
        "sumber": "NASA-NOAA20",
        "date_hotspot": "Sabtu, 29 Agustus 2026 12:40:00",
        "date_hotspot_ori": "2026-08-29T05:40:00.000000Z",
        "provinsi": null,
        "kabkota": "Sekadau",
        "desa": "Nanga Pembubuh",
        "hs_id": "2026-08-29T05:40:00.000000Z",
        "provinsi_id": 11,
        "long": 111.06491,
        "ori_sumber": null,
        "desa_id": null,
        "counter": 1,
        "confidence_level": "medium",
        "kawasan": "",
        "kecamatan": "Sekadau Hulu",
        "nama_provinsi": "Kalimantan Barat",
        "pulau": "",
        "route_create": "https://opsroom.sipongidata.my.id/daops/laporan/groundcheck/create/form",
        "hotspot_date": "2026-08-29",
        "distance_hgu_km": 3.482,
        "zone": "3–5 km",
        "location_status": "OUTSIDE HGU"
      }
    },
    {
      "type": "Feature",
      "geometry": {
        "type": "Point",
        "coordinates": [
          111.06079,
          -0.15222
        ]
      },
      "properties": {
        "confidence": "medium",
        "confidence_value": null,
        "sumber": "NASA-SNPP",
        "date_hotspot": "Sabtu, 29 Agustus 2026 12:23:00",
        "date_hotspot_ori": "2026-08-29T05:23:00.000000Z",
        "provinsi": null,
        "kabkota": "Sekadau",
        "desa": "Tapang Perodah",
        "hs_id": "2026-08-29T05:23:00.000000Z",
        "provinsi_id": 11,
        "long": 111.06079,
        "ori_sumber": null,
        "desa_id": null,
        "counter": 1,
        "confidence_level": "medium",
        "kawasan": "",
        "kecamatan": "Sekadau Hulu",
        "nama_provinsi": "Kalimantan Barat",
        "pulau": "",
        "route_create": "https://opsroom.sipongidata.my.id/daops/laporan/groundcheck/create/form",
        "hotspot_date": "2026-08-29",
        "distance_hgu_km": 3.528,
        "zone": "3–5 km",
        "location_status": "OUTSIDE HGU"
      }
    },
    {
      "type": "Feature",
      "geometry": {
        "type": "Point",
        "coordinates": [
          111.0645,
          -0.15165
        ]
      },
      "properties": {
        "confidence": "medium",
        "confidence_value": null,
        "sumber": "NASA-NOAA20",
        "date_hotspot": "Sabtu, 29 Agustus 2026 12:40:00",
        "date_hotspot_ori": "2026-08-29T05:40:00.000000Z",
        "provinsi": null,
        "kabkota": "Sekadau",
        "desa": "Nanga Pembubuh",
        "hs_id": "2026-08-29T05:40:00.000000Z",
        "provinsi_id": 11,
        "long": 111.0645,
        "ori_sumber": null,
        "desa_id": null,
        "counter": 1,
        "confidence_level": "medium",
        "kawasan": "",
        "kecamatan": "Sekadau Hulu",
        "nama_provinsi": "Kalimantan Barat",
        "pulau": "",
        "route_create": "https://opsroom.sipongidata.my.id/daops/laporan/groundcheck/create/form",
        "hotspot_date": "2026-08-29",
        "distance_hgu_km": 3.628,
        "zone": "3–5 km",
        "location_status": "OUTSIDE HGU"
      }
    },
    {
      "type": "Feature",
      "geometry": {
        "type": "Point",
        "coordinates": [
          111.05914,
          -0.15315
        ]
      },
      "properties": {
        "confidence": "medium",
        "confidence_value": null,
        "sumber": "NASA-NOAA20",
        "date_hotspot": "Senin, 24 Agustus 2026 12:33:00",
        "date_hotspot_ori": "2026-08-24T05:33:00.000000Z",
        "provinsi": null,
        "kabkota": "Sekadau",
        "desa": "Tapang Perodah",
        "hs_id": "2026-08-24T05:33:00.000000Z",
        "provinsi_id": 11,
        "long": 111.05914,
        "ori_sumber": null,
        "desa_id": null,
        "counter": 1,
        "confidence_level": "medium",
        "kawasan": "",
        "kecamatan": "Sekadau Hulu",
        "nama_provinsi": "Kalimantan Barat",
        "pulau": "",
        "route_create": "https://opsroom.sipongidata.my.id/daops/laporan/groundcheck/create/form",
        "hotspot_date": "2026-08-24",
        "distance_hgu_km": 3.423,
        "zone": "3–5 km",
        "location_status": "OUTSIDE HGU"
      }
    },
    {
      "type": "Feature",
      "geometry": {
        "type": "Point",
        "coordinates": [
          111.10484,
          -0.20813
        ]
      },
      "properties": {
        "confidence": "medium",
        "confidence_value": null,
        "sumber": "NASA-NOAA20",
        "date_hotspot": "Senin, 24 Agustus 2026 12:33:00",
        "date_hotspot_ori": "2026-08-24T05:33:00.000000Z",
        "provinsi": null,
        "kabkota": "Sintang",
        "desa": "Sekubang",
        "hs_id": "2026-08-24T05:33:00.000000Z",
        "provinsi_id": 11,
        "long": 111.10484,
        "ori_sumber": null,
        "desa_id": null,
        "counter": 1,
        "confidence_level": "medium",
        "kawasan": "",
        "kecamatan": "Sepauk",
        "nama_provinsi": "Kalimantan Barat",
        "pulau": "",
        "route_create": "https://opsroom.sipongidata.my.id/daops/laporan/groundcheck/create/form",
        "hotspot_date": "2026-08-24",
        "distance_hgu_km": 3.638,
        "zone": "3–5 km",
        "location_status": "OUTSIDE HGU"
      }
    },
    {
      "type": "Feature",
      "geometry": {
        "type": "Point",
        "coordinates": [
          111.09923,
          -0.20899
        ]
      },
      "properties": {
        "confidence": "medium",
        "confidence_value": null,
        "sumber": "NASA-NOAA20",
        "date_hotspot": "Senin, 24 Agustus 2026 12:33:00",
        "date_hotspot_ori": "2026-08-24T05:33:00.000000Z",
        "provinsi": null,
        "kabkota": "Sintang",
        "desa": "Sekubang",
        "hs_id": "2026-08-24T05:33:00.000000Z",
        "provinsi_id": 11,
        "long": 111.09923,
        "ori_sumber": null,
        "desa_id": null,
        "counter": 1,
        "confidence_level": "medium",
        "kawasan": "",
        "kecamatan": "Sepauk",
        "nama_provinsi": "Kalimantan Barat",
        "pulau": "",
        "route_create": "https://opsroom.sipongidata.my.id/daops/laporan/groundcheck/create/form",
        "hotspot_date": "2026-08-24",
        "distance_hgu_km": 3.014,
        "zone": "3–5 km",
        "location_status": "OUTSIDE HGU"
      }
    },
    {
      "type": "Feature",
      "geometry": {
        "type": "Point",
        "coordinates": [
          111.07434,
          -0.20124
        ]
      },
      "properties": {
        "confidence": "medium",
        "confidence_value": null,
        "sumber": "NASA-SNPP",
        "date_hotspot": "Rabu, 26 Agustus 2026 13:18:00",
        "date_hotspot_ori": "2026-08-26T06:18:00.000000Z",
        "provinsi": null,
        "kabkota": "Sekadau",
        "desa": "Nanga Pembubuh",
        "hs_id": "2026-08-26T06:18:00.000000Z",
        "provinsi_id": 11,
        "long": 111.07434,
        "ori_sumber": null,
        "desa_id": null,
        "counter": 1,
        "confidence_level": "medium",
        "kawasan": "",
        "kecamatan": "Sekadau Hulu",
        "nama_provinsi": "Kalimantan Barat",
        "pulau": "",
        "route_create": "https://opsroom.sipongidata.my.id/daops/laporan/groundcheck/create/form",
        "hotspot_date": "2026-08-26",
        "distance_hgu_km": 0.243,
        "zone": "0–1 km",
        "location_status": "OUTSIDE HGU"
      }
    },
    {
      "type": "Feature",
      "geometry": {
        "type": "Point",
        "coordinates": [
          111.00159,
          -0.15832
        ]
      },
      "properties": {
        "confidence": "medium",
        "confidence_value": null,
        "sumber": "NASA-NOAA20",
        "date_hotspot": "Rabu, 26 Agustus 2026 13:35:00",
        "date_hotspot_ori": "2026-08-26T06:35:00.000000Z",
        "provinsi": null,
        "kabkota": "Sekadau",
        "desa": "Tapang Perodah",
        "hs_id": "2026-08-26T06:35:00.000000Z",
        "provinsi_id": 11,
        "long": 111.00159,
        "ori_sumber": null,
        "desa_id": null,
        "counter": 1,
        "confidence_level": "medium",
        "kawasan": "",
        "kecamatan": "Sekadau Hulu",
        "nama_provinsi": "Kalimantan Barat",
        "pulau": "",
        "route_create": "https://opsroom.sipongidata.my.id/daops/laporan/groundcheck/create/form",
        "hotspot_date": "2026-08-26",
        "distance_hgu_km": 4.846,
        "zone": "3–5 km",
        "location_status": "OUTSIDE HGU"
      }
    },
    {
      "type": "Feature",
      "geometry": {
        "type": "Point",
        "coordinates": [
          110.97186,
          -0.1655
        ]
      },
      "properties": {
        "confidence": "medium",
        "confidence_value": null,
        "sumber": "NASA-SNPP",
        "date_hotspot": "Minggu, 16 Agustus 2026 13:03:00",
        "date_hotspot_ori": "2026-08-16T06:03:00.000000Z",
        "provinsi": null,
        "kabkota": "Sekadau",
        "desa": "Sungaisambang",
        "hs_id": "2026-08-16T06:03:00.000000Z",
        "provinsi_id": 11,
        "long": 110.97186,
        "ori_sumber": null,
        "desa_id": null,
        "counter": 1,
        "confidence_level": "medium",
        "kawasan": "",
        "kecamatan": "Sekadau Hulu",
        "nama_provinsi": "Kalimantan Barat",
        "pulau": "",
        "route_create": "https://opsroom.sipongidata.my.id/daops/laporan/groundcheck/create/form",
        "hotspot_date": "2026-08-16",
        "distance_hgu_km": 4.962,
        "zone": "3–5 km",
        "location_status": "OUTSIDE HGU"
      }
    },
    {
      "type": "Feature",
      "geometry": {
        "type": "Point",
        "coordinates": [
          111.04035,
          -0.24286
        ]
      },
      "properties": {
        "confidence": "medium",
        "confidence_value": null,
        "sumber": "NASA-SNPP",
        "date_hotspot": "Minggu, 16 Agustus 2026 13:03:00",
        "date_hotspot_ori": "2026-08-16T06:03:00.000000Z",
        "provinsi": null,
        "kabkota": "Sekadau",
        "desa": "Tapang Perodah",
        "hs_id": "2026-08-16T06:03:00.000000Z",
        "provinsi_id": 11,
        "long": 111.04035,
        "ori_sumber": null,
        "desa_id": null,
        "counter": 1,
        "confidence_level": "medium",
        "kawasan": "",
        "kecamatan": "Sekadau Hulu",
        "nama_provinsi": "Kalimantan Barat",
        "pulau": "",
        "route_create": "https://opsroom.sipongidata.my.id/daops/laporan/groundcheck/create/form",
        "hotspot_date": "2026-08-16",
        "distance_hgu_km": 2.36,
        "zone": "1–3 km",
        "location_status": "OUTSIDE HGU"
      }
    },
    {
      "type": "Feature",
      "geometry": {
        "type": "Point",
        "coordinates": [
          110.98184,
          -0.20618
        ]
      },
      "properties": {
        "confidence": "medium",
        "confidence_value": null,
        "sumber": "NASA-SNPP",
        "date_hotspot": "Minggu, 16 Agustus 2026 13:03:00",
        "date_hotspot_ori": "2026-08-16T06:03:00.000000Z",
        "provinsi": null,
        "kabkota": "Sekadau",
        "desa": "Sungaisambang",
        "hs_id": "2026-08-16T06:03:00.000000Z",
        "provinsi_id": 11,
        "long": 110.98184,
        "ori_sumber": null,
        "desa_id": null,
        "counter": 1,
        "confidence_level": "medium",
        "kawasan": "",
        "kecamatan": "Sekadau Hulu",
        "nama_provinsi": "Kalimantan Barat",
        "pulau": "",
        "route_create": "https://opsroom.sipongidata.my.id/daops/laporan/groundcheck/create/form",
        "hotspot_date": "2026-08-16",
        "distance_hgu_km": 1.179,
        "zone": "1–3 km",
        "location_status": "OUTSIDE HGU"
      }
    },
    {
      "type": "Feature",
      "geometry": {
        "type": "Point",
        "coordinates": [
          111.01192,
          -0.1516
        ]
      },
      "properties": {
        "confidence": "medium",
        "confidence_value": null,
        "sumber": "NASA-SNPP",
        "date_hotspot": "Jumat, 28 Agustus 2026 12:40:00",
        "date_hotspot_ori": "2026-08-28T05:40:00.000000Z",
        "provinsi": null,
        "kabkota": "Sekadau",
        "desa": "Tapang Perodah",
        "hs_id": "2026-08-28T05:40:00.000000Z",
        "provinsi_id": 11,
        "long": 111.01192,
        "ori_sumber": null,
        "desa_id": null,
        "counter": 1,
        "confidence_level": "medium",
        "kawasan": "",
        "kecamatan": "Sekadau Hulu",
        "nama_provinsi": "Kalimantan Barat",
        "pulau": "",
        "route_create": "https://opsroom.sipongidata.my.id/daops/laporan/groundcheck/create/form",
        "hotspot_date": "2026-08-28",
        "distance_hgu_km": 4.547,
        "zone": "3–5 km",
        "location_status": "OUTSIDE HGU"
      }
    },
    {
      "type": "Feature",
      "geometry": {
        "type": "Point",
        "coordinates": [
          111.0904,
          -0.24666
        ]
      },
      "properties": {
        "confidence": "medium",
        "confidence_value": null,
        "sumber": "NASA-SNPP",
        "date_hotspot": "Minggu, 30 Agustus 2026 13:42:00",
        "date_hotspot_ori": "2026-08-30T06:42:00.000000Z",
        "provinsi": null,
        "kabkota": "Sintang",
        "desa": "Sekubang",
        "hs_id": "2026-08-30T06:42:00.000000Z",
        "provinsi_id": 11,
        "long": 111.0904,
        "ori_sumber": null,
        "desa_id": null,
        "counter": 1,
        "confidence_level": "medium",
        "kawasan": "",
        "kecamatan": "Sepauk",
        "nama_provinsi": "Kalimantan Barat",
        "pulau": "",
        "route_create": "https://opsroom.sipongidata.my.id/daops/laporan/groundcheck/create/form",
        "hotspot_date": "2026-08-30",
        "distance_hgu_km": 4.129,
        "zone": "3–5 km",
        "location_status": "OUTSIDE HGU"
      }
    },
    {
      "type": "Feature",
      "geometry": {
        "type": "Point",
        "coordinates": [
          111.03507,
          -0.15629
        ]
      },
      "properties": {
        "confidence": "medium",
        "confidence_value": null,
        "sumber": "NASA-SNPP",
        "date_hotspot": "Senin, 31 Agustus 2026 13:22:00",
        "date_hotspot_ori": "2026-08-31T06:22:00.000000Z",
        "provinsi": null,
        "kabkota": "Sekadau",
        "desa": "Tapang Perodah",
        "hs_id": "2026-08-31T06:22:00.000000Z",
        "provinsi_id": 11,
        "long": 111.03507,
        "ori_sumber": null,
        "desa_id": null,
        "counter": 1,
        "confidence_level": "medium",
        "kawasan": "",
        "kecamatan": "Sekadau Hulu",
        "nama_provinsi": "Kalimantan Barat",
        "pulau": "",
        "route_create": "https://opsroom.sipongidata.my.id/daops/laporan/groundcheck/create/form",
        "hotspot_date": "2026-08-31",
        "distance_hgu_km": 2.972,
        "zone": "1–3 km",
        "location_status": "OUTSIDE HGU"
      }
    },
    {
      "type": "Feature",
      "geometry": {
        "type": "Point",
        "coordinates": [
          111.04088,
          -0.24629
        ]
      },
      "properties": {
        "confidence": "medium",
        "confidence_value": null,
        "sumber": "NASA-SNPP",
        "date_hotspot": "Minggu, 16 Agustus 2026 13:03:00",
        "date_hotspot_ori": "2026-08-16T06:03:00.000000Z",
        "provinsi": null,
        "kabkota": "Sekadau",
        "desa": "Tapang Perodah",
        "hs_id": "2026-08-16T06:03:00.000000Z",
        "provinsi_id": 11,
        "long": 111.04088,
        "ori_sumber": null,
        "desa_id": null,
        "counter": 1,
        "confidence_level": "medium",
        "kawasan": "",
        "kecamatan": "Sekadau Hulu",
        "nama_provinsi": "Kalimantan Barat",
        "pulau": "",
        "route_create": "https://opsroom.sipongidata.my.id/daops/laporan/groundcheck/create/form",
        "hotspot_date": "2026-08-16",
        "distance_hgu_km": 2.696,
        "zone": "1–3 km",
        "location_status": "OUTSIDE HGU"
      }
    },
    {
      "type": "Feature",
      "geometry": {
        "type": "Point",
        "coordinates": [
          111.03864,
          -0.24582
        ]
      },
      "properties": {
        "confidence": "medium",
        "confidence_value": null,
        "sumber": "NASA-NOAA20",
        "date_hotspot": "Minggu, 16 Agustus 2026 13:25:00",
        "date_hotspot_ori": "2026-08-16T06:25:00.000000Z",
        "provinsi": null,
        "kabkota": "Sekadau",
        "desa": "Tapang Perodah",
        "hs_id": "2026-08-16T06:25:00.000000Z",
        "provinsi_id": 11,
        "long": 111.03864,
        "ori_sumber": null,
        "desa_id": null,
        "counter": 1,
        "confidence_level": "medium",
        "kawasan": "",
        "kecamatan": "Sekadau Hulu",
        "nama_provinsi": "Kalimantan Barat",
        "pulau": "",
        "route_create": "https://opsroom.sipongidata.my.id/daops/laporan/groundcheck/create/form",
        "hotspot_date": "2026-08-16",
        "distance_hgu_km": 2.514,
        "zone": "1–3 km",
        "location_status": "OUTSIDE HGU"
      }
    },
    {
      "type": "Feature",
      "geometry": {
        "type": "Point",
        "coordinates": [
          111.06181,
          -0.1829
        ]
      },
      "properties": {
        "confidence": "medium",
        "confidence_value": null,
        "sumber": "NASA-SNPP",
        "date_hotspot": "Senin, 17 Agustus 2026 12:46:00",
        "date_hotspot_ori": "2026-08-17T05:46:00.000000Z",
        "provinsi": null,
        "kabkota": "Sekadau",
        "desa": "Tapang Perodah",
        "hs_id": "2026-08-17T05:46:00.000000Z",
        "provinsi_id": 11,
        "long": 111.06181,
        "ori_sumber": null,
        "desa_id": null,
        "counter": 1,
        "confidence_level": "medium",
        "kawasan": "",
        "kecamatan": "Sekadau Hulu",
        "nama_provinsi": "Kalimantan Barat",
        "pulau": "",
        "route_create": "https://opsroom.sipongidata.my.id/daops/laporan/groundcheck/create/form",
        "hotspot_date": "2026-08-17",
        "distance_hgu_km": 0.267,
        "zone": "0–1 km",
        "location_status": "OUTSIDE HGU"
      }
    },
    {
      "type": "Feature",
      "geometry": {
        "type": "Point",
        "coordinates": [
          111.03224,
          -0.19742
        ]
      },
      "properties": {
        "confidence": "medium",
        "confidence_value": null,
        "sumber": "NASA-NOAA20",
        "date_hotspot": "Jumat, 21 Agustus 2026 13:29:00",
        "date_hotspot_ori": "2026-08-21T06:29:00.000000Z",
        "provinsi": null,
        "kabkota": "Sekadau",
        "desa": "Tapang Perodah",
        "hs_id": "2026-08-21T06:29:00.000000Z",
        "provinsi_id": 11,
        "long": 111.03224,
        "ori_sumber": null,
        "desa_id": null,
        "counter": 2,
        "confidence_level": "medium",
        "kawasan": "",
        "kecamatan": "Sekadau Hulu",
        "nama_provinsi": "Kalimantan Barat",
        "pulau": "",
        "route_create": "https://opsroom.sipongidata.my.id/daops/laporan/groundcheck/create/form",
        "hotspot_date": "2026-08-21",
        "distance_hgu_km": 0.0,
        "zone": "Inside HGU",
        "location_status": "INSIDE HGU"
      }
    },
    {
      "type": "Feature",
      "geometry": {
        "type": "Point",
        "coordinates": [
          111.01346,
          -0.15452
        ]
      },
      "properties": {
        "confidence": "medium",
        "confidence_value": null,
        "sumber": "NASA-NOAA20",
        "date_hotspot": "Jumat, 21 Agustus 2026 13:29:00",
        "date_hotspot_ori": "2026-08-21T06:29:00.000000Z",
        "provinsi": null,
        "kabkota": "Sekadau",
        "desa": "Tapang Perodah",
        "hs_id": "2026-08-21T06:29:00.000000Z",
        "provinsi_id": 11,
        "long": 111.01346,
        "ori_sumber": null,
        "desa_id": null,
        "counter": 1,
        "confidence_level": "medium",
        "kawasan": "",
        "kecamatan": "Sekadau Hulu",
        "nama_provinsi": "Kalimantan Barat",
        "pulau": "",
        "route_create": "https://opsroom.sipongidata.my.id/daops/laporan/groundcheck/create/form",
        "hotspot_date": "2026-08-21",
        "distance_hgu_km": 4.187,
        "zone": "3–5 km",
        "location_status": "OUTSIDE HGU"
      }
    },
    {
      "type": "Feature",
      "geometry": {
        "type": "Point",
        "coordinates": [
          111.0372,
          -0.17729
        ]
      },
      "properties": {
        "confidence": "medium",
        "confidence_value": null,
        "sumber": "NASA-SNPP",
        "date_hotspot": "Minggu, 23 Agustus 2026 12:33:00",
        "date_hotspot_ori": "2026-08-23T05:33:00.000000Z",
        "provinsi": null,
        "kabkota": "Sekadau",
        "desa": "Tapang Perodah",
        "hs_id": "2026-08-23T05:33:00.000000Z",
        "provinsi_id": 11,
        "long": 111.0372,
        "ori_sumber": null,
        "desa_id": null,
        "counter": 1,
        "confidence_level": "medium",
        "kawasan": "",
        "kecamatan": "Sekadau Hulu",
        "nama_provinsi": "Kalimantan Barat",
        "pulau": "",
        "route_create": "https://opsroom.sipongidata.my.id/daops/laporan/groundcheck/create/form",
        "hotspot_date": "2026-08-23",
        "distance_hgu_km": 0.663,
        "zone": "0–1 km",
        "location_status": "OUTSIDE HGU"
      }
    },
    {
      "type": "Feature",
      "geometry": {
        "type": "Point",
        "coordinates": [
          111.03926,
          -0.14068
        ]
      },
      "properties": {
        "confidence": "medium",
        "confidence_value": null,
        "sumber": "NASA-SNPP",
        "date_hotspot": "Jumat, 04 September 2026 13:50:00",
        "date_hotspot_ori": "2026-09-04T06:50:00.000000Z",
        "provinsi": null,
        "kabkota": "Sekadau",
        "desa": "Setawar",
        "hs_id": "2026-09-04T06:50:00.000000Z",
        "provinsi_id": 11,
        "long": 111.03926,
        "ori_sumber": null,
        "desa_id": null,
        "counter": 1,
        "confidence_level": "medium",
        "kawasan": "",
        "kecamatan": "Sekadau Hulu",
        "nama_provinsi": "Kalimantan Barat",
        "pulau": "",
        "route_create": "https://opsroom.sipongidata.my.id/daops/laporan/groundcheck/create/form",
        "hotspot_date": "2026-09-04",
        "distance_hgu_km": 4.647,
        "zone": "3–5 km",
        "location_status": "OUTSIDE HGU"
      }
    },
    {
      "type": "Feature",
      "geometry": {
        "type": "Point",
        "coordinates": [
          111.0239,
          -0.19445
        ]
      },
      "properties": {
        "confidence": "medium",
        "confidence_value": null,
        "sumber": "NASA-NOAA20",
        "date_hotspot": "Kamis, 20 Agustus 2026 13:50:00",
        "date_hotspot_ori": "2026-08-20T06:50:00.000000Z",
        "provinsi": null,
        "kabkota": "Sekadau",
        "desa": "Tapang Perodah",
        "hs_id": "2026-08-20T06:50:00.000000Z",
        "provinsi_id": 11,
        "long": 111.0239,
        "ori_sumber": null,
        "desa_id": null,
        "counter": 1,
        "confidence_level": "medium",
        "kawasan": "",
        "kecamatan": "Sekadau Hulu",
        "nama_provinsi": "Kalimantan Barat",
        "pulau": "",
        "route_create": "https://opsroom.sipongidata.my.id/daops/laporan/groundcheck/create/form",
        "hotspot_date": "2026-08-20",
        "distance_hgu_km": 0.357,
        "zone": "0–1 km",
        "location_status": "OUTSIDE HGU"
      }
    },
    {
      "type": "Feature",
      "geometry": {
        "type": "Point",
        "coordinates": [
          110.9772,
          -0.18346
        ]
      },
      "properties": {
        "confidence": "medium",
        "confidence_value": null,
        "sumber": "NASA-NOAA20",
        "date_hotspot": "Kamis, 20 Agustus 2026 13:50:00",
        "date_hotspot_ori": "2026-08-20T06:50:00.000000Z",
        "provinsi": null,
        "kabkota": "Sekadau",
        "desa": "Sungaisambang",
        "hs_id": "2026-08-20T06:50:00.000000Z",
        "provinsi_id": 11,
        "long": 110.9772,
        "ori_sumber": null,
        "desa_id": null,
        "counter": 1,
        "confidence_level": "medium",
        "kawasan": "",
        "kecamatan": "Sekadau Hulu",
        "nama_provinsi": "Kalimantan Barat",
        "pulau": "",
        "route_create": "https://opsroom.sipongidata.my.id/daops/laporan/groundcheck/create/form",
        "hotspot_date": "2026-08-20",
        "distance_hgu_km": 2.952,
        "zone": "1–3 km",
        "location_status": "OUTSIDE HGU"
      }
    },
    {
      "type": "Feature",
      "geometry": {
        "type": "Point",
        "coordinates": [
          111.04456,
          -0.17885
        ]
      },
      "properties": {
        "confidence": "medium",
        "confidence_value": null,
        "sumber": "NASA-NOAA20",
        "date_hotspot": "Kamis, 20 Agustus 2026 13:50:00",
        "date_hotspot_ori": "2026-08-20T06:50:00.000000Z",
        "provinsi": null,
        "kabkota": "Sekadau",
        "desa": "Tapang Perodah",
        "hs_id": "2026-08-20T06:50:00.000000Z",
        "provinsi_id": 11,
        "long": 111.04456,
        "ori_sumber": null,
        "desa_id": null,
        "counter": 1,
        "confidence_level": "medium",
        "kawasan": "",
        "kecamatan": "Sekadau Hulu",
        "nama_provinsi": "Kalimantan Barat",
        "pulau": "",
        "route_create": "https://opsroom.sipongidata.my.id/daops/laporan/groundcheck/create/form",
        "hotspot_date": "2026-08-20",
        "distance_hgu_km": 0.662,
        "zone": "0–1 km",
        "location_status": "OUTSIDE HGU"
      }
    },
    {
      "type": "Feature",
      "geometry": {
        "type": "Point",
        "coordinates": [
          110.99286,
          -0.18164
        ]
      },
      "properties": {
        "confidence": "medium",
        "confidence_value": null,
        "sumber": "NASA-SNPP",
        "date_hotspot": "Kamis, 20 Agustus 2026 13:29:00",
        "date_hotspot_ori": "2026-08-20T06:29:00.000000Z",
        "provinsi": null,
        "kabkota": "Sekadau",
        "desa": "Sungaisambang",
        "hs_id": "2026-08-20T06:29:00.000000Z",
        "provinsi_id": 11,
        "long": 110.99286,
        "ori_sumber": null,
        "desa_id": null,
        "counter": 1,
        "confidence_level": "medium",
        "kawasan": "",
        "kecamatan": "Sekadau Hulu",
        "nama_provinsi": "Kalimantan Barat",
        "pulau": "",
        "route_create": "https://opsroom.sipongidata.my.id/daops/laporan/groundcheck/create/form",
        "hotspot_date": "2026-08-20",
        "distance_hgu_km": 2.618,
        "zone": "1–3 km",
        "location_status": "OUTSIDE HGU"
      }
    },
    {
      "type": "Feature",
      "geometry": {
        "type": "Point",
        "coordinates": [
          111.03293,
          -0.1796
        ]
      },
      "properties": {
        "confidence": "medium",
        "confidence_value": null,
        "sumber": "NASA-SNPP",
        "date_hotspot": "Kamis, 20 Agustus 2026 13:29:00",
        "date_hotspot_ori": "2026-08-20T06:29:00.000000Z",
        "provinsi": null,
        "kabkota": "Sekadau",
        "desa": "Tapang Perodah",
        "hs_id": "2026-08-20T06:29:00.000000Z",
        "provinsi_id": 11,
        "long": 111.03293,
        "ori_sumber": null,
        "desa_id": null,
        "counter": 1,
        "confidence_level": "medium",
        "kawasan": "",
        "kecamatan": "Sekadau Hulu",
        "nama_provinsi": "Kalimantan Barat",
        "pulau": "",
        "route_create": "https://opsroom.sipongidata.my.id/daops/laporan/groundcheck/create/form",
        "hotspot_date": "2026-08-20",
        "distance_hgu_km": 0.669,
        "zone": "0–1 km",
        "location_status": "OUTSIDE HGU"
      }
    },
    {
      "type": "Feature",
      "geometry": {
        "type": "Point",
        "coordinates": [
          111.10226,
          -0.16913
        ]
      },
      "properties": {
        "confidence": "medium",
        "confidence_value": null,
        "sumber": "NASA-SNPP",
        "date_hotspot": "Kamis, 20 Agustus 2026 13:29:00",
        "date_hotspot_ori": "2026-08-20T06:29:00.000000Z",
        "provinsi": null,
        "kabkota": "Sintang",
        "desa": "Nanga Libau",
        "hs_id": "2026-08-20T06:29:00.000000Z",
        "provinsi_id": 11,
        "long": 111.10226,
        "ori_sumber": null,
        "desa_id": null,
        "counter": 1,
        "confidence_level": "medium",
        "kawasan": "",
        "kecamatan": "Sepauk",
        "nama_provinsi": "Kalimantan Barat",
        "pulau": "",
        "route_create": "https://opsroom.sipongidata.my.id/daops/laporan/groundcheck/create/form",
        "hotspot_date": "2026-08-20",
        "distance_hgu_km": 4.676,
        "zone": "3–5 km",
        "location_status": "OUTSIDE HGU"
      }
    },
    {
      "type": "Feature",
      "geometry": {
        "type": "Point",
        "coordinates": [
          111.03176,
          -0.17175
        ]
      },
      "properties": {
        "confidence": "medium",
        "confidence_value": null,
        "sumber": "NASA-SNPP",
        "date_hotspot": "Kamis, 20 Agustus 2026 13:29:00",
        "date_hotspot_ori": "2026-08-20T06:29:00.000000Z",
        "provinsi": null,
        "kabkota": "Sekadau",
        "desa": "Tapang Perodah",
        "hs_id": "2026-08-20T06:29:00.000000Z",
        "provinsi_id": 11,
        "long": 111.03176,
        "ori_sumber": null,
        "desa_id": null,
        "counter": 1,
        "confidence_level": "medium",
        "kawasan": "",
        "kecamatan": "Sekadau Hulu",
        "nama_provinsi": "Kalimantan Barat",
        "pulau": "",
        "route_create": "https://opsroom.sipongidata.my.id/daops/laporan/groundcheck/create/form",
        "hotspot_date": "2026-08-20",
        "distance_hgu_km": 1.487,
        "zone": "1–3 km",
        "location_status": "OUTSIDE HGU"
      }
    },
    {
      "type": "Feature",
      "geometry": {
        "type": "Point",
        "coordinates": [
          110.97274,
          -0.18069
        ]
      },
      "properties": {
        "confidence": "medium",
        "confidence_value": null,
        "sumber": "NASA-SNPP",
        "date_hotspot": "Kamis, 20 Agustus 2026 13:29:00",
        "date_hotspot_ori": "2026-08-20T06:29:00.000000Z",
        "provinsi": null,
        "kabkota": "Sekadau",
        "desa": "Sungaisambang",
        "hs_id": "2026-08-20T06:29:00.000000Z",
        "provinsi_id": 11,
        "long": 110.97274,
        "ori_sumber": null,
        "desa_id": null,
        "counter": 1,
        "confidence_level": "medium",
        "kawasan": "",
        "kecamatan": "Sekadau Hulu",
        "nama_provinsi": "Kalimantan Barat",
        "pulau": "",
        "route_create": "https://opsroom.sipongidata.my.id/daops/laporan/groundcheck/create/form",
        "hotspot_date": "2026-08-20",
        "distance_hgu_km": 3.496,
        "zone": "3–5 km",
        "location_status": "OUTSIDE HGU"
      }
    },
    {
      "type": "Feature",
      "geometry": {
        "type": "Point",
        "coordinates": [
          110.96954,
          -0.22943
        ]
      },
      "properties": {
        "confidence": "medium",
        "confidence_value": null,
        "sumber": "NASA-NOAA20",
        "date_hotspot": "Jumat, 14 Agustus 2026 12:23:00",
        "date_hotspot_ori": "2026-08-14T05:23:00.000000Z",
        "provinsi": null,
        "kabkota": "Sekadau",
        "desa": "Mondi",
        "hs_id": "2026-08-14T05:23:00.000000Z",
        "provinsi_id": 11,
        "long": 110.96954,
        "ori_sumber": null,
        "desa_id": null,
        "counter": 1,
        "confidence_level": "medium",
        "kawasan": "",
        "kecamatan": "Sekadau Hulu",
        "nama_provinsi": "Kalimantan Barat",
        "pulau": "",
        "route_create": "https://opsroom.sipongidata.my.id/daops/laporan/groundcheck/create/form",
        "hotspot_date": "2026-08-14",
        "distance_hgu_km": 2.703,
        "zone": "1–3 km",
        "location_status": "OUTSIDE HGU"
      }
    },
    {
      "type": "Feature",
      "geometry": {
        "type": "Point",
        "coordinates": [
          111.05734,
          -0.18359
        ]
      },
      "properties": {
        "confidence": "medium",
        "confidence_value": null,
        "sumber": "NASA-SNPP",
        "date_hotspot": "Senin, 17 Agustus 2026 12:46:00",
        "date_hotspot_ori": "2026-08-17T05:46:00.000000Z",
        "provinsi": null,
        "kabkota": "Sekadau",
        "desa": "Tapang Perodah",
        "hs_id": "2026-08-17T05:46:00.000000Z",
        "provinsi_id": 11,
        "long": 111.05734,
        "ori_sumber": null,
        "desa_id": null,
        "counter": 1,
        "confidence_level": "medium",
        "kawasan": "",
        "kecamatan": "Sekadau Hulu",
        "nama_provinsi": "Kalimantan Barat",
        "pulau": "",
        "route_create": "https://opsroom.sipongidata.my.id/daops/laporan/groundcheck/create/form",
        "hotspot_date": "2026-08-17",
        "distance_hgu_km": 0.058,
        "zone": "0–1 km",
        "location_status": "OUTSIDE HGU"
      }
    },
    {
      "type": "Feature",
      "geometry": {
        "type": "Point",
        "coordinates": [
          111.04227,
          -0.20778
        ]
      },
      "properties": {
        "confidence": "medium",
        "confidence_value": null,
        "sumber": "NASA-SNPP",
        "date_hotspot": "Senin, 24 Agustus 2026 13:57:00",
        "date_hotspot_ori": "2026-08-24T06:57:00.000000Z",
        "provinsi": null,
        "kabkota": "Sekadau",
        "desa": "Tapang Perodah",
        "hs_id": "2026-08-24T06:57:00.000000Z",
        "provinsi_id": 11,
        "long": 111.04227,
        "ori_sumber": null,
        "desa_id": null,
        "counter": 1,
        "confidence_level": "medium",
        "kawasan": "",
        "kecamatan": "Sekadau Hulu",
        "nama_provinsi": "Kalimantan Barat",
        "pulau": "",
        "route_create": "https://opsroom.sipongidata.my.id/daops/laporan/groundcheck/create/form",
        "hotspot_date": "2026-08-24",
        "distance_hgu_km": 0.0,
        "zone": "Inside HGU",
        "location_status": "INSIDE HGU"
      }
    },
    {
      "type": "Feature",
      "geometry": {
        "type": "Point",
        "coordinates": [
          111.04669,
          -0.20707
        ]
      },
      "properties": {
        "confidence": "medium",
        "confidence_value": null,
        "sumber": "NASA-SNPP",
        "date_hotspot": "Senin, 24 Agustus 2026 13:57:00",
        "date_hotspot_ori": "2026-08-24T06:57:00.000000Z",
        "provinsi": null,
        "kabkota": "Sekadau",
        "desa": "Tapang Perodah",
        "hs_id": "2026-08-24T06:57:00.000000Z",
        "provinsi_id": 11,
        "long": 111.04669,
        "ori_sumber": null,
        "desa_id": null,
        "counter": 1,
        "confidence_level": "medium",
        "kawasan": "",
        "kecamatan": "Sekadau Hulu",
        "nama_provinsi": "Kalimantan Barat",
        "pulau": "",
        "route_create": "https://opsroom.sipongidata.my.id/daops/laporan/groundcheck/create/form",
        "hotspot_date": "2026-08-24",
        "distance_hgu_km": 0.158,
        "zone": "0–1 km",
        "location_status": "OUTSIDE HGU"
      }
    },
    {
      "type": "Feature",
      "geometry": {
        "type": "Point",
        "coordinates": [
          111.00677,
          -0.15751
        ]
      },
      "properties": {
        "confidence": "medium",
        "confidence_value": null,
        "sumber": "NASA-NOAA20",
        "date_hotspot": "Rabu, 26 Agustus 2026 13:35:00",
        "date_hotspot_ori": "2026-08-26T06:35:00.000000Z",
        "provinsi": null,
        "kabkota": "Sekadau",
        "desa": "Tapang Perodah",
        "hs_id": "2026-08-26T06:35:00.000000Z",
        "provinsi_id": 11,
        "long": 111.00677,
        "ori_sumber": null,
        "desa_id": null,
        "counter": 1,
        "confidence_level": "medium",
        "kawasan": "",
        "kecamatan": "Sekadau Hulu",
        "nama_provinsi": "Kalimantan Barat",
        "pulau": "",
        "route_create": "https://opsroom.sipongidata.my.id/daops/laporan/groundcheck/create/form",
        "hotspot_date": "2026-08-26",
        "distance_hgu_km": 4.456,
        "zone": "3–5 km",
        "location_status": "OUTSIDE HGU"
      }
    },
    {
      "type": "Feature",
      "geometry": {
        "type": "Point",
        "coordinates": [
          111.02359,
          -0.19629
        ]
      },
      "properties": {
        "confidence": "medium",
        "confidence_value": null,
        "sumber": "NASA-SNPP",
        "date_hotspot": "Kamis, 20 Agustus 2026 13:29:00",
        "date_hotspot_ori": "2026-08-20T06:29:00.000000Z",
        "provinsi": null,
        "kabkota": "Sekadau",
        "desa": "Tapang Perodah",
        "hs_id": "2026-08-20T06:29:00.000000Z",
        "provinsi_id": 11,
        "long": 111.02359,
        "ori_sumber": null,
        "desa_id": null,
        "counter": 1,
        "confidence_level": "medium",
        "kawasan": "",
        "kecamatan": "Sekadau Hulu",
        "nama_provinsi": "Kalimantan Barat",
        "pulau": "",
        "route_create": "https://opsroom.sipongidata.my.id/daops/laporan/groundcheck/create/form",
        "hotspot_date": "2026-08-20",
        "distance_hgu_km": 0.373,
        "zone": "0–1 km",
        "location_status": "OUTSIDE HGU"
      }
    },
    {
      "type": "Feature",
      "geometry": {
        "type": "Point",
        "coordinates": [
          110.99168,
          -0.18528
        ]
      },
      "properties": {
        "confidence": "medium",
        "confidence_value": null,
        "sumber": "NASA-SNPP",
        "date_hotspot": "Kamis, 20 Agustus 2026 13:29:00",
        "date_hotspot_ori": "2026-08-20T06:29:00.000000Z",
        "provinsi": null,
        "kabkota": "Sekadau",
        "desa": "Sungaisambang",
        "hs_id": "2026-08-20T06:29:00.000000Z",
        "provinsi_id": 11,
        "long": 110.99168,
        "ori_sumber": null,
        "desa_id": null,
        "counter": 1,
        "confidence_level": "medium",
        "kawasan": "",
        "kecamatan": "Sekadau Hulu",
        "nama_provinsi": "Kalimantan Barat",
        "pulau": "",
        "route_create": "https://opsroom.sipongidata.my.id/daops/laporan/groundcheck/create/form",
        "hotspot_date": "2026-08-20",
        "distance_hgu_km": 2.218,
        "zone": "1–3 km",
        "location_status": "OUTSIDE HGU"
      }
    },
    {
      "type": "Feature",
      "geometry": {
        "type": "Point",
        "coordinates": [
          110.99117,
          -0.18136
        ]
      },
      "properties": {
        "confidence": "medium",
        "confidence_value": null,
        "sumber": "NASA-SNPP",
        "date_hotspot": "Kamis, 20 Agustus 2026 13:29:00",
        "date_hotspot_ori": "2026-08-20T06:29:00.000000Z",
        "provinsi": null,
        "kabkota": "Sekadau",
        "desa": "Sungaisambang",
        "hs_id": "2026-08-20T06:29:00.000000Z",
        "provinsi_id": 11,
        "long": 110.99117,
        "ori_sumber": null,
        "desa_id": null,
        "counter": 1,
        "confidence_level": "medium",
        "kawasan": "",
        "kecamatan": "Sekadau Hulu",
        "nama_provinsi": "Kalimantan Barat",
        "pulau": "",
        "route_create": "https://opsroom.sipongidata.my.id/daops/laporan/groundcheck/create/form",
        "hotspot_date": "2026-08-20",
        "distance_hgu_km": 2.653,
        "zone": "1–3 km",
        "location_status": "OUTSIDE HGU"
      }
    },
    {
      "type": "Feature",
      "geometry": {
        "type": "Point",
        "coordinates": [
          111.02474,
          -0.19287
        ]
      },
      "properties": {
        "confidence": "medium",
        "confidence_value": null,
        "sumber": "NASA-SNPP",
        "date_hotspot": "Kamis, 20 Agustus 2026 13:29:00",
        "date_hotspot_ori": "2026-08-20T06:29:00.000000Z",
        "provinsi": null,
        "kabkota": "Sekadau",
        "desa": "Tapang Perodah",
        "hs_id": "2026-08-20T06:29:00.000000Z",
        "provinsi_id": 11,
        "long": 111.02474,
        "ori_sumber": null,
        "desa_id": null,
        "counter": 1,
        "confidence_level": "medium",
        "kawasan": "",
        "kecamatan": "Sekadau Hulu",
        "nama_provinsi": "Kalimantan Barat",
        "pulau": "",
        "route_create": "https://opsroom.sipongidata.my.id/daops/laporan/groundcheck/create/form",
        "hotspot_date": "2026-08-20",
        "distance_hgu_km": 0.338,
        "zone": "0–1 km",
        "location_status": "OUTSIDE HGU"
      }
    },
    {
      "type": "Feature",
      "geometry": {
        "type": "Point",
        "coordinates": [
          110.99419,
          -0.17916
        ]
      },
      "properties": {
        "confidence": "medium",
        "confidence_value": null,
        "sumber": "NASA-MODIS",
        "date_hotspot": "Jumat, 21 Agustus 2026 14:50:00",
        "date_hotspot_ori": "2026-08-21T07:50:00.000000Z",
        "provinsi": null,
        "kabkota": "Sekadau",
        "desa": "Sungaisambang",
        "hs_id": "2026-08-21T07:50:00.000000Z",
        "provinsi_id": 11,
        "long": 110.99419,
        "ori_sumber": null,
        "desa_id": null,
        "counter": 1,
        "confidence_level": "medium",
        "kawasan": "",
        "kecamatan": "Sekadau Hulu",
        "nama_provinsi": "Kalimantan Barat",
        "pulau": "",
        "route_create": "https://opsroom.sipongidata.my.id/daops/laporan/groundcheck/create/form",
        "hotspot_date": "2026-08-21",
        "distance_hgu_km": 2.892,
        "zone": "1–3 km",
        "location_status": "OUTSIDE HGU"
      }
    },
    {
      "type": "Feature",
      "geometry": {
        "type": "Point",
        "coordinates": [
          110.98292,
          -0.20113
        ]
      },
      "properties": {
        "confidence": "medium",
        "confidence_value": null,
        "sumber": "NASA-SNPP",
        "date_hotspot": "Jumat, 21 Agustus 2026 13:12:00",
        "date_hotspot_ori": "2026-08-21T06:12:00.000000Z",
        "provinsi": null,
        "kabkota": "Sekadau",
        "desa": "Sungaisambang",
        "hs_id": "2026-08-21T06:12:00.000000Z",
        "provinsi_id": 11,
        "long": 110.98292,
        "ori_sumber": null,
        "desa_id": null,
        "counter": 1,
        "confidence_level": "medium",
        "kawasan": "",
        "kecamatan": "Sekadau Hulu",
        "nama_provinsi": "Kalimantan Barat",
        "pulau": "",
        "route_create": "https://opsroom.sipongidata.my.id/daops/laporan/groundcheck/create/form",
        "hotspot_date": "2026-08-21",
        "distance_hgu_km": 1.156,
        "zone": "1–3 km",
        "location_status": "OUTSIDE HGU"
      }
    },
    {
      "type": "Feature",
      "geometry": {
        "type": "Point",
        "coordinates": [
          111.02094,
          -0.19533
        ]
      },
      "properties": {
        "confidence": "medium",
        "confidence_value": null,
        "sumber": "NASA-SNPP",
        "date_hotspot": "Jumat, 21 Agustus 2026 13:12:00",
        "date_hotspot_ori": "2026-08-21T06:12:00.000000Z",
        "provinsi": null,
        "kabkota": "Sekadau",
        "desa": "Tapang Perodah",
        "hs_id": "2026-08-21T06:12:00.000000Z",
        "provinsi_id": 11,
        "long": 111.02094,
        "ori_sumber": null,
        "desa_id": null,
        "counter": 2,
        "confidence_level": "medium",
        "kawasan": "",
        "kecamatan": "Sekadau Hulu",
        "nama_provinsi": "Kalimantan Barat",
        "pulau": "",
        "route_create": "https://opsroom.sipongidata.my.id/daops/laporan/groundcheck/create/form",
        "hotspot_date": "2026-08-21",
        "distance_hgu_km": 0.668,
        "zone": "0–1 km",
        "location_status": "OUTSIDE HGU"
      }
    },
    {
      "type": "Feature",
      "geometry": {
        "type": "Point",
        "coordinates": [
          111.0183,
          -0.23197
        ]
      },
      "properties": {
        "confidence": "medium",
        "confidence_value": null,
        "sumber": "NASA-SNPP",
        "date_hotspot": "Sabtu, 22 Agustus 2026 12:53:00",
        "date_hotspot_ori": "2026-08-22T05:53:00.000000Z",
        "provinsi": null,
        "kabkota": "Sekadau",
        "desa": "Mondi",
        "hs_id": "2026-08-22T05:53:00.000000Z",
        "provinsi_id": 11,
        "long": 111.0183,
        "ori_sumber": null,
        "desa_id": null,
        "counter": 1,
        "confidence_level": "medium",
        "kawasan": "",
        "kecamatan": "Sekadau Hulu",
        "nama_provinsi": "Kalimantan Barat",
        "pulau": "",
        "route_create": "https://opsroom.sipongidata.my.id/daops/laporan/groundcheck/create/form",
        "hotspot_date": "2026-08-22",
        "distance_hgu_km": 0.464,
        "zone": "0–1 km",
        "location_status": "OUTSIDE HGU"
      }
    },
    {
      "type": "Feature",
      "geometry": {
        "type": "Point",
        "coordinates": [
          110.98804,
          -0.18652
        ]
      },
      "properties": {
        "confidence": "medium",
        "confidence_value": null,
        "sumber": "NASA-NOAA20",
        "date_hotspot": "Jumat, 21 Agustus 2026 13:29:00",
        "date_hotspot_ori": "2026-08-21T06:29:00.000000Z",
        "provinsi": null,
        "kabkota": "Sekadau",
        "desa": "Sungaisambang",
        "hs_id": "2026-08-21T06:29:00.000000Z",
        "provinsi_id": 11,
        "long": 110.98804,
        "ori_sumber": null,
        "desa_id": null,
        "counter": 1,
        "confidence_level": "medium",
        "kawasan": "",
        "kecamatan": "Sekadau Hulu",
        "nama_provinsi": "Kalimantan Barat",
        "pulau": "",
        "route_create": "https://opsroom.sipongidata.my.id/daops/laporan/groundcheck/create/form",
        "hotspot_date": "2026-08-21",
        "distance_hgu_km": 2.136,
        "zone": "1–3 km",
        "location_status": "OUTSIDE HGU"
      }
    },
    {
      "type": "Feature",
      "geometry": {
        "type": "Point",
        "coordinates": [
          111.04077,
          -0.14255
        ]
      },
      "properties": {
        "confidence": "medium",
        "confidence_value": null,
        "sumber": "NASA-SNPP",
        "date_hotspot": "Jumat, 04 September 2026 13:50:00",
        "date_hotspot_ori": "2026-09-04T06:50:00.000000Z",
        "provinsi": null,
        "kabkota": "Sekadau",
        "desa": "Setawar",
        "hs_id": "2026-09-04T06:50:00.000000Z",
        "provinsi_id": 11,
        "long": 111.04077,
        "ori_sumber": null,
        "desa_id": null,
        "counter": 1,
        "confidence_level": "medium",
        "kawasan": "",
        "kecamatan": "Sekadau Hulu",
        "nama_provinsi": "Kalimantan Barat",
        "pulau": "",
        "route_create": "https://opsroom.sipongidata.my.id/daops/laporan/groundcheck/create/form",
        "hotspot_date": "2026-09-04",
        "distance_hgu_km": 4.441,
        "zone": "3–5 km",
        "location_status": "OUTSIDE HGU"
      }
    },
    {
      "type": "Feature",
      "geometry": {
        "type": "Point",
        "coordinates": [
          111.09906,
          -0.24
        ]
      },
      "properties": {
        "confidence": "medium",
        "confidence_value": null,
        "sumber": "NASA-NOAA20",
        "date_hotspot": "Jumat, 11 September 2026 13:37:00",
        "date_hotspot_ori": "2026-09-11T06:37:00.000000Z",
        "provinsi": null,
        "kabkota": "Sintang",
        "desa": "Sekubang",
        "hs_id": "2026-09-11T06:37:00.000000Z",
        "provinsi_id": 11,
        "long": 111.09906,
        "ori_sumber": null,
        "desa_id": null,
        "counter": 1,
        "confidence_level": "medium",
        "kawasan": "",
        "kecamatan": "Sepauk",
        "nama_provinsi": "Kalimantan Barat",
        "pulau": "",
        "route_create": "https://opsroom.sipongidata.my.id/daops/laporan/groundcheck/create/form",
        "hotspot_date": "2026-09-11",
        "distance_hgu_km": 4.14,
        "zone": "3–5 km",
        "location_status": "OUTSIDE HGU"
      }
    },
    {
      "type": "Feature",
      "geometry": {
        "type": "Point",
        "coordinates": [
          111.10449,
          -0.23917
        ]
      },
      "properties": {
        "confidence": "medium",
        "confidence_value": null,
        "sumber": "NASA-NOAA20",
        "date_hotspot": "Jumat, 11 September 2026 13:37:00",
        "date_hotspot_ori": "2026-09-11T06:37:00.000000Z",
        "provinsi": null,
        "kabkota": "Sintang",
        "desa": "Sekubang",
        "hs_id": "2026-09-11T06:37:00.000000Z",
        "provinsi_id": 11,
        "long": 111.10449,
        "ori_sumber": null,
        "desa_id": null,
        "counter": 1,
        "confidence_level": "medium",
        "kawasan": "",
        "kecamatan": "Sepauk",
        "nama_provinsi": "Kalimantan Barat",
        "pulau": "",
        "route_create": "https://opsroom.sipongidata.my.id/daops/laporan/groundcheck/create/form",
        "hotspot_date": "2026-09-11",
        "distance_hgu_km": 4.54,
        "zone": "3–5 km",
        "location_status": "OUTSIDE HGU"
      }
    },
    {
      "type": "Feature",
      "geometry": {
        "type": "Point",
        "coordinates": [
          110.99439,
          -0.2486
        ]
      },
      "properties": {
        "confidence": "medium",
        "confidence_value": null,
        "sumber": "NASA-MODIS",
        "date_hotspot": "Rabu, 19 Agustus 2026 15:11:00",
        "date_hotspot_ori": "2026-08-19T08:11:00.000000Z",
        "provinsi": null,
        "kabkota": "Sekadau",
        "desa": "Mondi",
        "hs_id": "2026-08-19T08:11:00.000000Z",
        "provinsi_id": 11,
        "long": 110.99439,
        "ori_sumber": null,
        "desa_id": null,
        "counter": 1,
        "confidence_level": "medium",
        "kawasan": "",
        "kecamatan": "Sekadau Hulu",
        "nama_provinsi": "Kalimantan Barat",
        "pulau": "",
        "route_create": "https://opsroom.sipongidata.my.id/daops/laporan/groundcheck/create/form",
        "hotspot_date": "2026-08-19",
        "distance_hgu_km": 2.647,
        "zone": "1–3 km",
        "location_status": "OUTSIDE HGU"
      }
    },
    {
      "type": "Feature",
      "geometry": {
        "type": "Point",
        "coordinates": [
          111.04441,
          -0.23529
        ]
      },
      "properties": {
        "confidence": "medium",
        "confidence_value": null,
        "sumber": "NASA-MODIS",
        "date_hotspot": "Minggu, 16 Agustus 2026 14:56:00",
        "date_hotspot_ori": "2026-08-16T07:56:00.000000Z",
        "provinsi": null,
        "kabkota": "Sekadau",
        "desa": "Tapang Perodah",
        "hs_id": "2026-08-16T07:56:00.000000Z",
        "provinsi_id": 11,
        "long": 111.04441,
        "ori_sumber": null,
        "desa_id": null,
        "counter": 1,
        "confidence_level": "medium",
        "kawasan": "",
        "kecamatan": "Sekadau Hulu",
        "nama_provinsi": "Kalimantan Barat",
        "pulau": "",
        "route_create": "https://opsroom.sipongidata.my.id/daops/laporan/groundcheck/create/form",
        "hotspot_date": "2026-08-16",
        "distance_hgu_km": 2.179,
        "zone": "1–3 km",
        "location_status": "OUTSIDE HGU"
      }
    },
    {
      "type": "Feature",
      "geometry": {
        "type": "Point",
        "coordinates": [
          111.09564,
          -0.24319
        ]
      },
      "properties": {
        "confidence": "medium",
        "confidence_value": null,
        "sumber": "NASA-MODIS",
        "date_hotspot": "Jumat, 21 Agustus 2026 14:50:00",
        "date_hotspot_ori": "2026-08-21T07:50:00.000000Z",
        "provinsi": null,
        "kabkota": "Sintang",
        "desa": "Sekubang",
        "hs_id": "2026-08-21T07:50:00.000000Z",
        "provinsi_id": 11,
        "long": 111.09564,
        "ori_sumber": null,
        "desa_id": null,
        "counter": 1,
        "confidence_level": "medium",
        "kawasan": "",
        "kecamatan": "Sepauk",
        "nama_provinsi": "Kalimantan Barat",
        "pulau": "",
        "route_create": "https://opsroom.sipongidata.my.id/daops/laporan/groundcheck/create/form",
        "hotspot_date": "2026-08-21",
        "distance_hgu_km": 4.141,
        "zone": "3–5 km",
        "location_status": "OUTSIDE HGU"
      }
    },
    {
      "type": "Feature",
      "geometry": {
        "type": "Point",
        "coordinates": [
          110.98058,
          -0.23416
        ]
      },
      "properties": {
        "confidence": "medium",
        "confidence_value": null,
        "sumber": "NASA-MODIS",
        "date_hotspot": "Minggu, 16 Agustus 2026 14:56:00",
        "date_hotspot_ori": "2026-08-16T07:56:00.000000Z",
        "provinsi": null,
        "kabkota": "Sekadau",
        "desa": "Mondi",
        "hs_id": "2026-08-16T07:56:00.000000Z",
        "provinsi_id": 11,
        "long": 110.98058,
        "ori_sumber": null,
        "desa_id": null,
        "counter": 1,
        "confidence_level": "medium",
        "kawasan": "",
        "kecamatan": "Sekadau Hulu",
        "nama_provinsi": "Kalimantan Barat",
        "pulau": "",
        "route_create": "https://opsroom.sipongidata.my.id/daops/laporan/groundcheck/create/form",
        "hotspot_date": "2026-08-16",
        "distance_hgu_km": 1.838,
        "zone": "1–3 km",
        "location_status": "OUTSIDE HGU"
      }
    },
    {
      "type": "Feature",
      "geometry": {
        "type": "Point",
        "coordinates": [
          110.99474,
          -0.19331
        ]
      },
      "properties": {
        "confidence": "medium",
        "confidence_value": null,
        "sumber": "NASA-MODIS",
        "date_hotspot": "Minggu, 16 Agustus 2026 14:56:00",
        "date_hotspot_ori": "2026-08-16T07:56:00.000000Z",
        "provinsi": null,
        "kabkota": "Sekadau",
        "desa": "Sungaisambang",
        "hs_id": "2026-08-16T07:56:00.000000Z",
        "provinsi_id": 11,
        "long": 110.99474,
        "ori_sumber": null,
        "desa_id": null,
        "counter": 1,
        "confidence_level": "medium",
        "kawasan": "",
        "kecamatan": "Sekadau Hulu",
        "nama_provinsi": "Kalimantan Barat",
        "pulau": "",
        "route_create": "https://opsroom.sipongidata.my.id/daops/laporan/groundcheck/create/form",
        "hotspot_date": "2026-08-16",
        "distance_hgu_km": 1.328,
        "zone": "1–3 km",
        "location_status": "OUTSIDE HGU"
      }
    },
    {
      "type": "Feature",
      "geometry": {
        "type": "Point",
        "coordinates": [
          111.01965,
          -0.21827
        ]
      },
      "properties": {
        "confidence": "medium",
        "confidence_value": null,
        "sumber": "NASA-MODIS",
        "date_hotspot": "Sabtu, 22 Agustus 2026 15:28:00",
        "date_hotspot_ori": "2026-08-22T08:28:00.000000Z",
        "provinsi": null,
        "kabkota": "Sekadau",
        "desa": "Mondi",
        "hs_id": "2026-08-22T08:28:00.000000Z",
        "provinsi_id": 11,
        "long": 111.01965,
        "ori_sumber": null,
        "desa_id": null,
        "counter": 1,
        "confidence_level": "medium",
        "kawasan": "",
        "kecamatan": "Sekadau Hulu",
        "nama_provinsi": "Kalimantan Barat",
        "pulau": "",
        "route_create": "https://opsroom.sipongidata.my.id/daops/laporan/groundcheck/create/form",
        "hotspot_date": "2026-08-22",
        "distance_hgu_km": 0.0,
        "zone": "Inside HGU",
        "location_status": "INSIDE HGU"
      }
    },
    {
      "type": "Feature",
      "geometry": {
        "type": "Point",
        "coordinates": [
          111.02468,
          -0.15014
        ]
      },
      "properties": {
        "confidence": "medium",
        "confidence_value": null,
        "sumber": "NASA-MODIS",
        "date_hotspot": "Jumat, 21 Agustus 2026 14:50:00",
        "date_hotspot_ori": "2026-08-21T07:50:00.000000Z",
        "provinsi": null,
        "kabkota": "Sekadau",
        "desa": "Tapang Perodah",
        "hs_id": "2026-08-21T07:50:00.000000Z",
        "provinsi_id": 11,
        "long": 111.02468,
        "ori_sumber": null,
        "desa_id": null,
        "counter": 1,
        "confidence_level": "medium",
        "kawasan": "",
        "kecamatan": "Sekadau Hulu",
        "nama_provinsi": "Kalimantan Barat",
        "pulau": "",
        "route_create": "https://opsroom.sipongidata.my.id/daops/laporan/groundcheck/create/form",
        "hotspot_date": "2026-08-21",
        "distance_hgu_km": 3.97,
        "zone": "3–5 km",
        "location_status": "OUTSIDE HGU"
      }
    },
    {
      "type": "Feature",
      "geometry": {
        "type": "Point",
        "coordinates": [
          111.026,
          -0.18641
        ]
      },
      "properties": {
        "confidence": "medium",
        "confidence_value": null,
        "sumber": "NASA-MODIS",
        "date_hotspot": "Selasa, 01 September 2026 15:16:00",
        "date_hotspot_ori": "2026-09-01T08:16:00.000000Z",
        "provinsi": null,
        "kabkota": "Sekadau",
        "desa": "Tapang Perodah",
        "hs_id": "2026-09-01T08:16:00.000000Z",
        "provinsi_id": 11,
        "long": 111.026,
        "ori_sumber": null,
        "desa_id": null,
        "counter": 1,
        "confidence_level": "medium",
        "kawasan": "",
        "kecamatan": "Sekadau Hulu",
        "nama_provinsi": "Kalimantan Barat",
        "pulau": "",
        "route_create": "https://opsroom.sipongidata.my.id/daops/laporan/groundcheck/create/form",
        "hotspot_date": "2026-09-01",
        "distance_hgu_km": 0.887,
        "zone": "0–1 km",
        "location_status": "OUTSIDE HGU"
      }
    },
    {
      "type": "Feature",
      "geometry": {
        "type": "Point",
        "coordinates": [
          111.00071,
          -0.18409
        ]
      },
      "properties": {
        "confidence": "medium",
        "confidence_value": null,
        "sumber": "NASA-MODIS",
        "date_hotspot": "Jumat, 21 Agustus 2026 14:50:00",
        "date_hotspot_ori": "2026-08-21T07:50:00.000000Z",
        "provinsi": null,
        "kabkota": "Sekadau",
        "desa": "Sungaisambang",
        "hs_id": "2026-08-21T07:50:00.000000Z",
        "provinsi_id": 11,
        "long": 111.00071,
        "ori_sumber": null,
        "desa_id": null,
        "counter": 1,
        "confidence_level": "medium",
        "kawasan": "",
        "kecamatan": "Sekadau Hulu",
        "nama_provinsi": "Kalimantan Barat",
        "pulau": "",
        "route_create": "https://opsroom.sipongidata.my.id/daops/laporan/groundcheck/create/form",
        "hotspot_date": "2026-08-21",
        "distance_hgu_km": 2.347,
        "zone": "1–3 km",
        "location_status": "OUTSIDE HGU"
      }
    },
    {
      "type": "Feature",
      "geometry": {
        "type": "Point",
        "coordinates": [
          110.99304,
          -0.23231
        ]
      },
      "properties": {
        "confidence": "medium",
        "confidence_value": null,
        "sumber": "NASA-MODIS",
        "date_hotspot": "Minggu, 16 Agustus 2026 14:56:00",
        "date_hotspot_ori": "2026-08-16T07:56:00.000000Z",
        "provinsi": null,
        "kabkota": "Sekadau",
        "desa": "Mondi",
        "hs_id": "2026-08-16T07:56:00.000000Z",
        "provinsi_id": 11,
        "long": 110.99304,
        "ori_sumber": null,
        "desa_id": null,
        "counter": 1,
        "confidence_level": "medium",
        "kawasan": "",
        "kecamatan": "Sekadau Hulu",
        "nama_provinsi": "Kalimantan Barat",
        "pulau": "",
        "route_create": "https://opsroom.sipongidata.my.id/daops/laporan/groundcheck/create/form",
        "hotspot_date": "2026-08-16",
        "distance_hgu_km": 0.859,
        "zone": "0–1 km",
        "location_status": "OUTSIDE HGU"
      }
    },
    {
      "type": "Feature",
      "geometry": {
        "type": "Point",
        "coordinates": [
          111.09994,
          -0.24202
        ]
      },
      "properties": {
        "confidence": "medium",
        "confidence_value": null,
        "sumber": "NASA-MODIS",
        "date_hotspot": "Rabu, 19 Agustus 2026 15:11:00",
        "date_hotspot_ori": "2026-08-19T08:11:00.000000Z",
        "provinsi": null,
        "kabkota": "Sintang",
        "desa": "Sekubang",
        "hs_id": "2026-08-19T08:11:00.000000Z",
        "provinsi_id": 11,
        "long": 111.09994,
        "ori_sumber": null,
        "desa_id": null,
        "counter": 1,
        "confidence_level": "medium",
        "kawasan": "",
        "kecamatan": "Sepauk",
        "nama_provinsi": "Kalimantan Barat",
        "pulau": "",
        "route_create": "https://opsroom.sipongidata.my.id/daops/laporan/groundcheck/create/form",
        "hotspot_date": "2026-08-19",
        "distance_hgu_km": 4.366,
        "zone": "3–5 km",
        "location_status": "OUTSIDE HGU"
      }
    },
    {
      "type": "Feature",
      "geometry": {
        "type": "Point",
        "coordinates": [
          111.03198,
          -0.23714
        ]
      },
      "properties": {
        "confidence": "medium",
        "confidence_value": null,
        "sumber": "NASA-MODIS",
        "date_hotspot": "Minggu, 16 Agustus 2026 14:56:00",
        "date_hotspot_ori": "2026-08-16T07:56:00.000000Z",
        "provinsi": null,
        "kabkota": "Sekadau",
        "desa": "Tapang Perodah",
        "hs_id": "2026-08-16T07:56:00.000000Z",
        "provinsi_id": 11,
        "long": 111.03198,
        "ori_sumber": null,
        "desa_id": null,
        "counter": 1,
        "confidence_level": "medium",
        "kawasan": "",
        "kecamatan": "Sekadau Hulu",
        "nama_provinsi": "Kalimantan Barat",
        "pulau": "",
        "route_create": "https://opsroom.sipongidata.my.id/daops/laporan/groundcheck/create/form",
        "hotspot_date": "2026-08-16",
        "distance_hgu_km": 1.314,
        "zone": "1–3 km",
        "location_status": "OUTSIDE HGU"
      }
    },
    {
      "type": "Feature",
      "geometry": {
        "type": "Point",
        "coordinates": [
          111.06379,
          -0.18017
        ]
      },
      "properties": {
        "confidence": "medium",
        "confidence_value": null,
        "sumber": "NASA-MODIS",
        "date_hotspot": "Senin, 24 Agustus 2026 15:07:00",
        "date_hotspot_ori": "2026-08-24T08:07:00.000000Z",
        "provinsi": null,
        "kabkota": "Sekadau",
        "desa": "Tapang Perodah",
        "hs_id": "2026-08-24T08:07:00.000000Z",
        "provinsi_id": 11,
        "long": 111.06379,
        "ori_sumber": null,
        "desa_id": null,
        "counter": 1,
        "confidence_level": "medium",
        "kawasan": "",
        "kecamatan": "Sekadau Hulu",
        "nama_provinsi": "Kalimantan Barat",
        "pulau": "",
        "route_create": "https://opsroom.sipongidata.my.id/daops/laporan/groundcheck/create/form",
        "hotspot_date": "2026-08-24",
        "distance_hgu_km": 0.628,
        "zone": "0–1 km",
        "location_status": "OUTSIDE HGU"
      }
    },
    {
      "type": "Feature",
      "geometry": {
        "type": "Point",
        "coordinates": [
          111.07322,
          -0.17878
        ]
      },
      "properties": {
        "confidence": "medium",
        "confidence_value": null,
        "sumber": "NASA-MODIS",
        "date_hotspot": "Senin, 24 Agustus 2026 15:07:00",
        "date_hotspot_ori": "2026-08-24T08:07:00.000000Z",
        "provinsi": null,
        "kabkota": "Sekadau",
        "desa": "Nanga Pembubuh",
        "hs_id": "2026-08-24T08:07:00.000000Z",
        "provinsi_id": 11,
        "long": 111.07322,
        "ori_sumber": null,
        "desa_id": null,
        "counter": 1,
        "confidence_level": "medium",
        "kawasan": "",
        "kecamatan": "Sekadau Hulu",
        "nama_provinsi": "Kalimantan Barat",
        "pulau": "",
        "route_create": "https://opsroom.sipongidata.my.id/daops/laporan/groundcheck/create/form",
        "hotspot_date": "2026-08-24",
        "distance_hgu_km": 1.612,
        "zone": "1–3 km",
        "location_status": "OUTSIDE HGU"
      }
    },
    {
      "type": "Feature",
      "geometry": {
        "type": "Point",
        "coordinates": [
          111.00553,
          -0.20974
        ]
      },
      "properties": {
        "confidence": "high",
        "confidence_value": null,
        "sumber": "NASA-MODIS",
        "date_hotspot": "Sabtu, 22 Agustus 2026 15:28:00",
        "date_hotspot_ori": "2026-08-22T08:28:00.000000Z",
        "provinsi": null,
        "kabkota": "Sekadau",
        "desa": "Sungaisambang",
        "hs_id": "2026-08-22T08:28:00.000000Z",
        "provinsi_id": 11,
        "long": 111.00553,
        "ori_sumber": null,
        "desa_id": null,
        "counter": 1,
        "confidence_level": "high",
        "kawasan": "",
        "kecamatan": "Sekadau Hulu",
        "nama_provinsi": "Kalimantan Barat",
        "pulau": "",
        "route_create": "https://opsroom.sipongidata.my.id/daops/laporan/groundcheck/create/form",
        "hotspot_date": "2026-08-22",
        "distance_hgu_km": 0.0,
        "zone": "Inside HGU",
        "location_status": "INSIDE HGU"
      }
    },
    {
      "type": "Feature",
      "geometry": {
        "type": "Point",
        "coordinates": [
          110.97417,
          -0.19263
        ]
      },
      "properties": {
        "confidence": "high",
        "confidence_value": null,
        "sumber": "NASA-MODIS",
        "date_hotspot": "Minggu, 16 Agustus 2026 14:56:00",
        "date_hotspot_ori": "2026-08-16T07:56:00.000000Z",
        "provinsi": null,
        "kabkota": "Sekadau",
        "desa": "Sungaisambang",
        "hs_id": "2026-08-16T07:56:00.000000Z",
        "provinsi_id": 11,
        "long": 110.97417,
        "ori_sumber": null,
        "desa_id": null,
        "counter": 1,
        "confidence_level": "high",
        "kawasan": "",
        "kecamatan": "Sekadau Hulu",
        "nama_provinsi": "Kalimantan Barat",
        "pulau": "",
        "route_create": "https://opsroom.sipongidata.my.id/daops/laporan/groundcheck/create/form",
        "hotspot_date": "2026-08-16",
        "distance_hgu_km": 2.47,
        "zone": "1–3 km",
        "location_status": "OUTSIDE HGU"
      }
    },
    {
      "type": "Feature",
      "geometry": {
        "type": "Point",
        "coordinates": [
          111.05571,
          -0.19064
        ]
      },
      "properties": {
        "confidence": "high",
        "confidence_value": null,
        "sumber": "NASA-MODIS",
        "date_hotspot": "Senin, 24 Agustus 2026 15:07:00",
        "date_hotspot_ori": "2026-08-24T08:07:00.000000Z",
        "provinsi": null,
        "kabkota": "Sekadau",
        "desa": "Tapang Perodah",
        "hs_id": "2026-08-24T08:07:00.000000Z",
        "provinsi_id": 11,
        "long": 111.05571,
        "ori_sumber": null,
        "desa_id": null,
        "counter": 1,
        "confidence_level": "high",
        "kawasan": "",
        "kecamatan": "Sekadau Hulu",
        "nama_provinsi": "Kalimantan Barat",
        "pulau": "",
        "route_create": "https://opsroom.sipongidata.my.id/daops/laporan/groundcheck/create/form",
        "hotspot_date": "2026-08-24",
        "distance_hgu_km": 0.0,
        "zone": "Inside HGU",
        "location_status": "INSIDE HGU"
      }
    },
    {
      "type": "Feature",
      "geometry": {
        "type": "Point",
        "coordinates": [
          110.97459,
          -0.16538
        ]
      },
      "properties": {
        "confidence": "high",
        "confidence_value": null,
        "sumber": "NASA-MODIS",
        "date_hotspot": "Senin, 24 Agustus 2026 15:07:00",
        "date_hotspot_ori": "2026-08-24T08:07:00.000000Z",
        "provinsi": null,
        "kabkota": "Sekadau",
        "desa": "Sungaisambang",
        "hs_id": "2026-08-24T08:07:00.000000Z",
        "provinsi_id": 11,
        "long": 110.97459,
        "ori_sumber": null,
        "desa_id": null,
        "counter": 1,
        "confidence_level": "high",
        "kawasan": "",
        "kecamatan": "Sekadau Hulu",
        "nama_provinsi": "Kalimantan Barat",
        "pulau": "",
        "route_create": "https://opsroom.sipongidata.my.id/daops/laporan/groundcheck/create/form",
        "hotspot_date": "2026-08-24",
        "distance_hgu_km": 4.841,
        "zone": "3–5 km",
        "location_status": "OUTSIDE HGU"
      }
    },
    {
      "type": "Feature",
      "geometry": {
        "type": "Point",
        "coordinates": [
          111.00703,
          -0.22015
        ]
      },
      "properties": {
        "confidence": "high",
        "confidence_value": null,
        "sumber": "NASA-MODIS",
        "date_hotspot": "Sabtu, 22 Agustus 2026 15:28:00",
        "date_hotspot_ori": "2026-08-22T08:28:00.000000Z",
        "provinsi": null,
        "kabkota": "Sekadau",
        "desa": "Mondi",
        "hs_id": "2026-08-22T08:28:00.000000Z",
        "provinsi_id": 11,
        "long": 111.00703,
        "ori_sumber": null,
        "desa_id": null,
        "counter": 1,
        "confidence_level": "high",
        "kawasan": "",
        "kecamatan": "Sekadau Hulu",
        "nama_provinsi": "Kalimantan Barat",
        "pulau": "",
        "route_create": "https://opsroom.sipongidata.my.id/daops/laporan/groundcheck/create/form",
        "hotspot_date": "2026-08-22",
        "distance_hgu_km": 0.0,
        "zone": "Inside HGU",
        "location_status": "INSIDE HGU"
      }
    },
    {
      "type": "Feature",
      "geometry": {
        "type": "Point",
        "coordinates": [
          111.00253,
          -0.17098
        ]
      },
      "properties": {
        "confidence": "high",
        "confidence_value": null,
        "sumber": "NASA-NOAA20",
        "date_hotspot": "Kamis, 20 Agustus 2026 13:50:00",
        "date_hotspot_ori": "2026-08-20T06:50:00.000000Z",
        "provinsi": null,
        "kabkota": "Sekadau",
        "desa": "Sungaisambang",
        "hs_id": "2026-08-20T06:50:00.000000Z",
        "provinsi_id": 11,
        "long": 111.00253,
        "ori_sumber": null,
        "desa_id": null,
        "counter": 1,
        "confidence_level": "high",
        "kawasan": "",
        "kecamatan": "Sekadau Hulu",
        "nama_provinsi": "Kalimantan Barat",
        "pulau": "",
        "route_create": "https://opsroom.sipongidata.my.id/daops/laporan/groundcheck/create/form",
        "hotspot_date": "2026-08-20",
        "distance_hgu_km": 3.79,
        "zone": "3–5 km",
        "location_status": "OUTSIDE HGU"
      }
    },
    {
      "type": "Feature",
      "geometry": {
        "type": "Point",
        "coordinates": [
          110.97094,
          -0.22846
        ]
      },
      "properties": {
        "confidence": "high",
        "confidence_value": null,
        "sumber": "NASA-NOAA20",
        "date_hotspot": "Jumat, 14 Agustus 2026 12:23:00",
        "date_hotspot_ori": "2026-08-14T05:23:00.000000Z",
        "provinsi": null,
        "kabkota": "Sekadau",
        "desa": "Mondi",
        "hs_id": "2026-08-14T05:23:00.000000Z",
        "provinsi_id": 11,
        "long": 110.97094,
        "ori_sumber": null,
        "desa_id": null,
        "counter": 1,
        "confidence_level": "high",
        "kawasan": "",
        "kecamatan": "Sekadau Hulu",
        "nama_provinsi": "Kalimantan Barat",
        "pulau": "",
        "route_create": "https://opsroom.sipongidata.my.id/daops/laporan/groundcheck/create/form",
        "hotspot_date": "2026-08-14",
        "distance_hgu_km": 2.522,
        "zone": "1–3 km",
        "location_status": "OUTSIDE HGU"
      }
    },
    {
      "type": "Feature",
      "geometry": {
        "type": "Point",
        "coordinates": [
          111.06605,
          -0.15258
        ]
      },
      "properties": {
        "confidence": "high",
        "confidence_value": null,
        "sumber": "NASA-SNPP",
        "date_hotspot": "Sabtu, 29 Agustus 2026 12:23:00",
        "date_hotspot_ori": "2026-08-29T05:23:00.000000Z",
        "provinsi": null,
        "kabkota": "Sekadau",
        "desa": "Nanga Pembubuh",
        "hs_id": "2026-08-29T05:23:00.000000Z",
        "provinsi_id": 11,
        "long": 111.06605,
        "ori_sumber": null,
        "desa_id": null,
        "counter": 1,
        "confidence_level": "high",
        "kawasan": "",
        "kecamatan": "Sekadau Hulu",
        "nama_provinsi": "Kalimantan Barat",
        "pulau": "",
        "route_create": "https://opsroom.sipongidata.my.id/daops/laporan/groundcheck/create/form",
        "hotspot_date": "2026-08-29",
        "distance_hgu_km": 3.556,
        "zone": "3–5 km",
        "location_status": "OUTSIDE HGU"
      }
    },
    {
      "type": "Feature",
      "geometry": {
        "type": "Point",
        "coordinates": [
          111.06702,
          -0.15122
        ]
      },
      "properties": {
        "confidence": "high",
        "confidence_value": null,
        "sumber": "NASA-SNPP",
        "date_hotspot": "Sabtu, 29 Agustus 2026 12:23:00",
        "date_hotspot_ori": "2026-08-29T05:23:00.000000Z",
        "provinsi": null,
        "kabkota": "Sekadau",
        "desa": "Nanga Pembubuh",
        "hs_id": "2026-08-29T05:23:00.000000Z",
        "provinsi_id": 11,
        "long": 111.06702,
        "ori_sumber": null,
        "desa_id": null,
        "counter": 1,
        "confidence_level": "high",
        "kawasan": "",
        "kecamatan": "Sekadau Hulu",
        "nama_provinsi": "Kalimantan Barat",
        "pulau": "",
        "route_create": "https://opsroom.sipongidata.my.id/daops/laporan/groundcheck/create/form",
        "hotspot_date": "2026-08-29",
        "distance_hgu_km": 3.725,
        "zone": "3–5 km",
        "location_status": "OUTSIDE HGU"
      }
    },
    {
      "type": "Feature",
      "geometry": {
        "type": "Point",
        "coordinates": [
          111.00242,
          -0.17328
        ]
      },
      "properties": {
        "confidence": "high",
        "confidence_value": null,
        "sumber": "NASA-NOAA20",
        "date_hotspot": "Kamis, 20 Agustus 2026 13:50:00",
        "date_hotspot_ori": "2026-08-20T06:50:00.000000Z",
        "provinsi": null,
        "kabkota": "Sekadau",
        "desa": "Sungaisambang",
        "hs_id": "2026-08-20T06:50:00.000000Z",
        "provinsi_id": 11,
        "long": 111.00242,
        "ori_sumber": null,
        "desa_id": null,
        "counter": 1,
        "confidence_level": "high",
        "kawasan": "",
        "kecamatan": "Sekadau Hulu",
        "nama_provinsi": "Kalimantan Barat",
        "pulau": "",
        "route_create": "https://opsroom.sipongidata.my.id/daops/laporan/groundcheck/create/form",
        "hotspot_date": "2026-08-20",
        "distance_hgu_km": 3.542,
        "zone": "3–5 km",
        "location_status": "OUTSIDE HGU"
      }
    },
    {
      "type": "Feature",
      "geometry": {
        "type": "Point",
        "coordinates": [
          110.98461,
          -0.20115
        ]
      },
      "properties": {
        "confidence": "high",
        "confidence_value": null,
        "sumber": "NASA-NOAA20",
        "date_hotspot": "Rabu, 19 Agustus 2026 12:27:00",
        "date_hotspot_ori": "2026-08-19T05:27:00.000000Z",
        "provinsi": null,
        "kabkota": "Sekadau",
        "desa": "Sungaisambang",
        "hs_id": "2026-08-19T05:27:00.000000Z",
        "provinsi_id": 11,
        "long": 110.98461,
        "ori_sumber": null,
        "desa_id": null,
        "counter": 1,
        "confidence_level": "high",
        "kawasan": "",
        "kecamatan": "Sekadau Hulu",
        "nama_provinsi": "Kalimantan Barat",
        "pulau": "",
        "route_create": "https://opsroom.sipongidata.my.id/daops/laporan/groundcheck/create/form",
        "hotspot_date": "2026-08-19",
        "distance_hgu_km": 0.986,
        "zone": "0–1 km",
        "location_status": "OUTSIDE HGU"
      }
    },
    {
      "type": "Feature",
      "geometry": {
        "type": "Point",
        "coordinates": [
          110.9819,
          -0.19527
        ]
      },
      "properties": {
        "confidence": "high",
        "confidence_value": null,
        "sumber": "NASA-MODIS",
        "date_hotspot": "Minggu, 16 Agustus 2026 14:56:00",
        "date_hotspot_ori": "2026-08-16T07:56:00.000000Z",
        "provinsi": null,
        "kabkota": "Sekadau",
        "desa": "Sungaisambang",
        "hs_id": "2026-08-16T07:56:00.000000Z",
        "provinsi_id": 11,
        "long": 110.9819,
        "ori_sumber": null,
        "desa_id": null,
        "counter": 1,
        "confidence_level": "high",
        "kawasan": "",
        "kecamatan": "Sekadau Hulu",
        "nama_provinsi": "Kalimantan Barat",
        "pulau": "",
        "route_create": "https://opsroom.sipongidata.my.id/daops/laporan/groundcheck/create/form",
        "hotspot_date": "2026-08-16",
        "distance_hgu_km": 1.616,
        "zone": "1–3 km",
        "location_status": "OUTSIDE HGU"
      }
    },
    {
      "type": "Feature",
      "geometry": {
        "type": "Point",
        "coordinates": [
          110.96624,
          -0.1764
        ]
      },
      "properties": {
        "confidence": "high",
        "confidence_value": null,
        "sumber": "NASA-MODIS",
        "date_hotspot": "Minggu, 16 Agustus 2026 14:56:00",
        "date_hotspot_ori": "2026-08-16T07:56:00.000000Z",
        "provinsi": null,
        "kabkota": "Sekadau",
        "desa": "Sungaisambang",
        "hs_id": "2026-08-16T07:56:00.000000Z",
        "provinsi_id": 11,
        "long": 110.96624,
        "ori_sumber": null,
        "desa_id": null,
        "counter": 1,
        "confidence_level": "high",
        "kawasan": "",
        "kecamatan": "Sekadau Hulu",
        "nama_provinsi": "Kalimantan Barat",
        "pulau": "",
        "route_create": "https://opsroom.sipongidata.my.id/daops/laporan/groundcheck/create/form",
        "hotspot_date": "2026-08-16",
        "distance_hgu_km": 4.327,
        "zone": "3–5 km",
        "location_status": "OUTSIDE HGU"
      }
    },
    {
      "type": "Feature",
      "geometry": {
        "type": "Point",
        "coordinates": [
          110.98672,
          -0.19082
        ]
      },
      "properties": {
        "confidence": "high",
        "confidence_value": null,
        "sumber": "NASA-MODIS",
        "date_hotspot": "Minggu, 16 Agustus 2026 14:56:00",
        "date_hotspot_ori": "2026-08-16T07:56:00.000000Z",
        "provinsi": null,
        "kabkota": "Sekadau",
        "desa": "Sungaisambang",
        "hs_id": "2026-08-16T07:56:00.000000Z",
        "provinsi_id": 11,
        "long": 110.98672,
        "ori_sumber": null,
        "desa_id": null,
        "counter": 1,
        "confidence_level": "high",
        "kawasan": "",
        "kecamatan": "Sekadau Hulu",
        "nama_provinsi": "Kalimantan Barat",
        "pulau": "",
        "route_create": "https://opsroom.sipongidata.my.id/daops/laporan/groundcheck/create/form",
        "hotspot_date": "2026-08-16",
        "distance_hgu_km": 1.725,
        "zone": "1–3 km",
        "location_status": "OUTSIDE HGU"
      }
    }
  ]
}