{
  "type": "FeatureCollection",
  "name": "pt_btl_sipongi_hotspot_30days",
  "properties": {
    "pt_id": "pt_btl",
    "pt_name": "PT Bumi Tata Lestari",
    "period_start": "2026-08-14",
    "period_end": "2026-09-12",
    "radius_km": 5
  },
  "features": [
    {
      "type": "Feature",
      "geometry": {
        "type": "Point",
        "coordinates": [
          110.63837,
          0.822
        ]
      },
      "properties": {
        "confidence": "low",
        "confidence_value": null,
        "sumber": "NASA-NOAA20",
        "date_hotspot": "Senin, 24 Agustus 2026 12:33:00",
        "date_hotspot_ori": "2026-08-24T05:33:00.000000Z",
        "provinsi": null,
        "kabkota": "Sanggau",
        "desa": "Noyan",
        "hs_id": "2026-08-24T05:33:00.000000Z",
        "provinsi_id": 11,
        "long": 110.63837,
        "ori_sumber": null,
        "desa_id": null,
        "counter": 1,
        "confidence_level": "low",
        "kawasan": "",
        "kecamatan": "Noyan",
        "nama_provinsi": "Kalimantan Barat",
        "pulau": "",
        "route_create": "https://opsroom.sipongidata.my.id/daops/laporan/groundcheck/create/form",
        "hotspot_date": "2026-08-24",
        "distance_hgu_km": 0.0,
        "zone": "Inside HGU",
        "location_status": "INSIDE HGU"
      }
    },
    {
      "type": "Feature",
      "geometry": {
        "type": "Point",
        "coordinates": [
          110.69909,
          0.86941
        ]
      },
      "properties": {
        "confidence": "medium",
        "confidence_value": null,
        "sumber": "NASA-MODIS",
        "date_hotspot": "Rabu, 09 September 2026 15:24:00",
        "date_hotspot_ori": "2026-09-09T08:24:00.000000Z",
        "provinsi": null,
        "kabkota": "Sanggau",
        "desa": "Sangai Tekam",
        "hs_id": "2026-09-09T08:24:00.000000Z",
        "provinsi_id": 11,
        "long": 110.69909,
        "ori_sumber": null,
        "desa_id": null,
        "counter": 1,
        "confidence_level": "medium",
        "kawasan": "",
        "kecamatan": "Sekayam",
        "nama_provinsi": "Kalimantan Barat",
        "pulau": "",
        "route_create": "https://opsroom.sipongidata.my.id/daops/laporan/groundcheck/create/form",
        "hotspot_date": "2026-09-09",
        "distance_hgu_km": 2.453,
        "zone": "1–3 km",
        "location_status": "OUTSIDE HGU"
      }
    },
    {
      "type": "Feature",
      "geometry": {
        "type": "Point",
        "coordinates": [
          110.73595,
          0.8802
        ]
      },
      "properties": {
        "confidence": "medium",
        "confidence_value": null,
        "sumber": "NASA-MODIS",
        "date_hotspot": "Minggu, 30 Agustus 2026 03:19:00",
        "date_hotspot_ori": "2026-08-29T20:19:00.000000Z",
        "provinsi": null,
        "kabkota": "Sanggau",
        "desa": "Sangai Tekam",
        "hs_id": "2026-08-29T20:19:00.000000Z",
        "provinsi_id": 11,
        "long": 110.73595,
        "ori_sumber": null,
        "desa_id": null,
        "counter": 1,
        "confidence_level": "medium",
        "kawasan": "",
        "kecamatan": "Sekayam",
        "nama_provinsi": "Kalimantan Barat",
        "pulau": "",
        "route_create": "https://opsroom.sipongidata.my.id/daops/laporan/groundcheck/create/form",
        "hotspot_date": "2026-08-30",
        "distance_hgu_km": 3.92,
        "zone": "3–5 km",
        "location_status": "OUTSIDE HGU"
      }
    },
    {
      "type": "Feature",
      "geometry": {
        "type": "Point",
        "coordinates": [
          110.64687,
          0.82356
        ]
      },
      "properties": {
        "confidence": "medium",
        "confidence_value": null,
        "sumber": "NASA-MODIS",
        "date_hotspot": "Jumat, 14 Agustus 2026 15:20:00",
        "date_hotspot_ori": "2026-08-14T08:20:00.000000Z",
        "provinsi": null,
        "kabkota": "Sanggau",
        "desa": "Sangai Tekam",
        "hs_id": "2026-08-14T08:20:00.000000Z",
        "provinsi_id": 11,
        "long": 110.64687,
        "ori_sumber": null,
        "desa_id": null,
        "counter": 1,
        "confidence_level": "medium",
        "kawasan": "",
        "kecamatan": "Sekayam",
        "nama_provinsi": "Kalimantan Barat",
        "pulau": "",
        "route_create": "https://opsroom.sipongidata.my.id/daops/laporan/groundcheck/create/form",
        "hotspot_date": "2026-08-14",
        "distance_hgu_km": 0.0,
        "zone": "Inside HGU",
        "location_status": "INSIDE HGU"
      }
    },
    {
      "type": "Feature",
      "geometry": {
        "type": "Point",
        "coordinates": [
          110.66837,
          0.71644
        ]
      },
      "properties": {
        "confidence": "medium",
        "confidence_value": null,
        "sumber": "NASA-MODIS",
        "date_hotspot": "Jumat, 14 Agustus 2026 15:20:00",
        "date_hotspot_ori": "2026-08-14T08:20:00.000000Z",
        "provinsi": null,
        "kabkota": "Sanggau",
        "desa": "Semongan",
        "hs_id": "2026-08-14T08:20:00.000000Z",
        "provinsi_id": 11,
        "long": 110.66837,
        "ori_sumber": null,
        "desa_id": null,
        "counter": 1,
        "confidence_level": "medium",
        "kawasan": "",
        "kecamatan": "Noyan",
        "nama_provinsi": "Kalimantan Barat",
        "pulau": "",
        "route_create": "https://opsroom.sipongidata.my.id/daops/laporan/groundcheck/create/form",
        "hotspot_date": "2026-08-14",
        "distance_hgu_km": 4.098,
        "zone": "3–5 km",
        "location_status": "OUTSIDE HGU"
      }
    },
    {
      "type": "Feature",
      "geometry": {
        "type": "Point",
        "coordinates": [
          110.66019,
          0.83027
        ]
      },
      "properties": {
        "confidence": "medium",
        "confidence_value": null,
        "sumber": "NASA-SNPP",
        "date_hotspot": "Kamis, 20 Agustus 2026 13:29:00",
        "date_hotspot_ori": "2026-08-20T06:29:00.000000Z",
        "provinsi": null,
        "kabkota": "Sanggau",
        "desa": "Sangai Tekam",
        "hs_id": "2026-08-20T06:29:00.000000Z",
        "provinsi_id": 11,
        "long": 110.66019,
        "ori_sumber": null,
        "desa_id": null,
        "counter": 1,
        "confidence_level": "medium",
        "kawasan": "",
        "kecamatan": "Sekayam",
        "nama_provinsi": "Kalimantan Barat",
        "pulau": "",
        "route_create": "https://opsroom.sipongidata.my.id/daops/laporan/groundcheck/create/form",
        "hotspot_date": "2026-08-20",
        "distance_hgu_km": 0.0,
        "zone": "Inside HGU",
        "location_status": "INSIDE HGU"
      }
    },
    {
      "type": "Feature",
      "geometry": {
        "type": "Point",
        "coordinates": [
          110.66502,
          0.83103
        ]
      },
      "properties": {
        "confidence": "medium",
        "confidence_value": null,
        "sumber": "NASA-SNPP",
        "date_hotspot": "Kamis, 20 Agustus 2026 13:29:00",
        "date_hotspot_ori": "2026-08-20T06:29:00.000000Z",
        "provinsi": null,
        "kabkota": "Sanggau",
        "desa": "Sangai Tekam",
        "hs_id": "2026-08-20T06:29:00.000000Z",
        "provinsi_id": 11,
        "long": 110.66502,
        "ori_sumber": null,
        "desa_id": null,
        "counter": 1,
        "confidence_level": "medium",
        "kawasan": "",
        "kecamatan": "Sekayam",
        "nama_provinsi": "Kalimantan Barat",
        "pulau": "",
        "route_create": "https://opsroom.sipongidata.my.id/daops/laporan/groundcheck/create/form",
        "hotspot_date": "2026-08-20",
        "distance_hgu_km": 0.0,
        "zone": "Inside HGU",
        "location_status": "INSIDE HGU"
      }
    },
    {
      "type": "Feature",
      "geometry": {
        "type": "Point",
        "coordinates": [
          110.66559,
          0.82714
        ]
      },
      "properties": {
        "confidence": "medium",
        "confidence_value": null,
        "sumber": "NASA-SNPP",
        "date_hotspot": "Kamis, 20 Agustus 2026 13:29:00",
        "date_hotspot_ori": "2026-08-20T06:29:00.000000Z",
        "provinsi": null,
        "kabkota": "Sanggau",
        "desa": "Sangai Tekam",
        "hs_id": "2026-08-20T06:29:00.000000Z",
        "provinsi_id": 11,
        "long": 110.66559,
        "ori_sumber": null,
        "desa_id": null,
        "counter": 1,
        "confidence_level": "medium",
        "kawasan": "",
        "kecamatan": "Sekayam",
        "nama_provinsi": "Kalimantan Barat",
        "pulau": "",
        "route_create": "https://opsroom.sipongidata.my.id/daops/laporan/groundcheck/create/form",
        "hotspot_date": "2026-08-20",
        "distance_hgu_km": 0.0,
        "zone": "Inside HGU",
        "location_status": "INSIDE HGU"
      }
    },
    {
      "type": "Feature",
      "geometry": {
        "type": "Point",
        "coordinates": [
          110.72466,
          0.87604
        ]
      },
      "properties": {
        "confidence": "medium",
        "confidence_value": null,
        "sumber": "NASA-SNPP",
        "date_hotspot": "Kamis, 20 Agustus 2026 13:29:00",
        "date_hotspot_ori": "2026-08-20T06:29:00.000000Z",
        "provinsi": null,
        "kabkota": "Sanggau",
        "desa": "Sangai Tekam",
        "hs_id": "2026-08-20T06:29:00.000000Z",
        "provinsi_id": 11,
        "long": 110.72466,
        "ori_sumber": null,
        "desa_id": null,
        "counter": 1,
        "confidence_level": "medium",
        "kawasan": "",
        "kecamatan": "Sekayam",
        "nama_provinsi": "Kalimantan Barat",
        "pulau": "",
        "route_create": "https://opsroom.sipongidata.my.id/daops/laporan/groundcheck/create/form",
        "hotspot_date": "2026-08-20",
        "distance_hgu_km": 3.075,
        "zone": "3–5 km",
        "location_status": "OUTSIDE HGU"
      }
    },
    {
      "type": "Feature",
      "geometry": {
        "type": "Point",
        "coordinates": [
          110.72526,
          0.87213
        ]
      },
      "properties": {
        "confidence": "medium",
        "confidence_value": null,
        "sumber": "NASA-SNPP",
        "date_hotspot": "Kamis, 20 Agustus 2026 13:29:00",
        "date_hotspot_ori": "2026-08-20T06:29:00.000000Z",
        "provinsi": null,
        "kabkota": "Sanggau",
        "desa": "Sangai Tekam",
        "hs_id": "2026-08-20T06:29:00.000000Z",
        "provinsi_id": 11,
        "long": 110.72526,
        "ori_sumber": null,
        "desa_id": null,
        "counter": 1,
        "confidence_level": "medium",
        "kawasan": "",
        "kecamatan": "Sekayam",
        "nama_provinsi": "Kalimantan Barat",
        "pulau": "",
        "route_create": "https://opsroom.sipongidata.my.id/daops/laporan/groundcheck/create/form",
        "hotspot_date": "2026-08-20",
        "distance_hgu_km": 2.665,
        "zone": "1–3 km",
        "location_status": "OUTSIDE HGU"
      }
    },
    {
      "type": "Feature",
      "geometry": {
        "type": "Point",
        "coordinates": [
          110.6793,
          0.76193
        ]
      },
      "properties": {
        "confidence": "medium",
        "confidence_value": null,
        "sumber": "NASA-SNPP",
        "date_hotspot": "Jumat, 14 Agustus 2026 13:42:00",
        "date_hotspot_ori": "2026-08-14T06:42:00.000000Z",
        "provinsi": null,
        "kabkota": "Sanggau",
        "desa": "Semongan",
        "hs_id": "2026-08-14T06:42:00.000000Z",
        "provinsi_id": 11,
        "long": 110.6793,
        "ori_sumber": null,
        "desa_id": null,
        "counter": 1,
        "confidence_level": "medium",
        "kawasan": "",
        "kecamatan": "Noyan",
        "nama_provinsi": "Kalimantan Barat",
        "pulau": "",
        "route_create": "https://opsroom.sipongidata.my.id/daops/laporan/groundcheck/create/form",
        "hotspot_date": "2026-08-14",
        "distance_hgu_km": 1.076,
        "zone": "1–3 km",
        "location_status": "OUTSIDE HGU"
      }
    },
    {
      "type": "Feature",
      "geometry": {
        "type": "Point",
        "coordinates": [
          110.68442,
          0.75541
        ]
      },
      "properties": {
        "confidence": "medium",
        "confidence_value": null,
        "sumber": "NASA-NOAA20",
        "date_hotspot": "Jumat, 14 Agustus 2026 12:23:00",
        "date_hotspot_ori": "2026-08-14T05:23:00.000000Z",
        "provinsi": null,
        "kabkota": "Sanggau",
        "desa": "Semongan",
        "hs_id": "2026-08-14T05:23:00.000000Z",
        "provinsi_id": 11,
        "long": 110.68442,
        "ori_sumber": null,
        "desa_id": null,
        "counter": 1,
        "confidence_level": "medium",
        "kawasan": "",
        "kecamatan": "Noyan",
        "nama_provinsi": "Kalimantan Barat",
        "pulau": "",
        "route_create": "https://opsroom.sipongidata.my.id/daops/laporan/groundcheck/create/form",
        "hotspot_date": "2026-08-14",
        "distance_hgu_km": 0.639,
        "zone": "0–1 km",
        "location_status": "OUTSIDE HGU"
      }
    },
    {
      "type": "Feature",
      "geometry": {
        "type": "Point",
        "coordinates": [
          110.68088,
          0.83136
        ]
      },
      "properties": {
        "confidence": "medium",
        "confidence_value": null,
        "sumber": "NASA-SNPP",
        "date_hotspot": "Sabtu, 15 Agustus 2026 13:22:00",
        "date_hotspot_ori": "2026-08-15T06:22:00.000000Z",
        "provinsi": null,
        "kabkota": "Sanggau",
        "desa": "Sangai Tekam",
        "hs_id": "2026-08-15T06:22:00.000000Z",
        "provinsi_id": 11,
        "long": 110.68088,
        "ori_sumber": null,
        "desa_id": null,
        "counter": 1,
        "confidence_level": "medium",
        "kawasan": "",
        "kecamatan": "Sekayam",
        "nama_provinsi": "Kalimantan Barat",
        "pulau": "",
        "route_create": "https://opsroom.sipongidata.my.id/daops/laporan/groundcheck/create/form",
        "hotspot_date": "2026-08-15",
        "distance_hgu_km": 0.0,
        "zone": "Inside HGU",
        "location_status": "INSIDE HGU"
      }
    },
    {
      "type": "Feature",
      "geometry": {
        "type": "Point",
        "coordinates": [
          110.65881,
          0.8457
        ]
      },
      "properties": {
        "confidence": "medium",
        "confidence_value": null,
        "sumber": "NASA-NOAA20",
        "date_hotspot": "Sabtu, 15 Agustus 2026 13:44:00",
        "date_hotspot_ori": "2026-08-15T06:44:00.000000Z",
        "provinsi": null,
        "kabkota": "Sanggau",
        "desa": "Sangai Tekam",
        "hs_id": "2026-08-15T06:44:00.000000Z",
        "provinsi_id": 11,
        "long": 110.65881,
        "ori_sumber": null,
        "desa_id": null,
        "counter": 1,
        "confidence_level": "medium",
        "kawasan": "",
        "kecamatan": "Sekayam",
        "nama_provinsi": "Kalimantan Barat",
        "pulau": "",
        "route_create": "https://opsroom.sipongidata.my.id/daops/laporan/groundcheck/create/form",
        "hotspot_date": "2026-08-15",
        "distance_hgu_km": 0.966,
        "zone": "0–1 km",
        "location_status": "OUTSIDE HGU"
      }
    },
    {
      "type": "Feature",
      "geometry": {
        "type": "Point",
        "coordinates": [
          110.64349,
          0.85427
        ]
      },
      "properties": {
        "confidence": "medium",
        "confidence_value": null,
        "sumber": "NASA-NOAA20",
        "date_hotspot": "Sabtu, 15 Agustus 2026 13:44:00",
        "date_hotspot_ori": "2026-08-15T06:44:00.000000Z",
        "provinsi": null,
        "kabkota": "Sanggau",
        "desa": "Sangai Tekam",
        "hs_id": "2026-08-15T06:44:00.000000Z",
        "provinsi_id": 11,
        "long": 110.64349,
        "ori_sumber": null,
        "desa_id": null,
        "counter": 1,
        "confidence_level": "medium",
        "kawasan": "",
        "kecamatan": "Sekayam",
        "nama_provinsi": "Kalimantan Barat",
        "pulau": "",
        "route_create": "https://opsroom.sipongidata.my.id/daops/laporan/groundcheck/create/form",
        "hotspot_date": "2026-08-15",
        "distance_hgu_km": 2.417,
        "zone": "1–3 km",
        "location_status": "OUTSIDE HGU"
      }
    },
    {
      "type": "Feature",
      "geometry": {
        "type": "Point",
        "coordinates": [
          110.64709,
          0.83967
        ]
      },
      "properties": {
        "confidence": "medium",
        "confidence_value": null,
        "sumber": "NASA-NOAA20",
        "date_hotspot": "Sabtu, 22 Agustus 2026 13:12:00",
        "date_hotspot_ori": "2026-08-22T06:12:00.000000Z",
        "provinsi": null,
        "kabkota": "Sanggau",
        "desa": "Sangai Tekam",
        "hs_id": "2026-08-22T06:12:00.000000Z",
        "provinsi_id": 11,
        "long": 110.64709,
        "ori_sumber": null,
        "desa_id": null,
        "counter": 1,
        "confidence_level": "medium",
        "kawasan": "",
        "kecamatan": "Sekayam",
        "nama_provinsi": "Kalimantan Barat",
        "pulau": "",
        "route_create": "https://opsroom.sipongidata.my.id/daops/laporan/groundcheck/create/form",
        "hotspot_date": "2026-08-22",
        "distance_hgu_km": 1.089,
        "zone": "1–3 km",
        "location_status": "OUTSIDE HGU"
      }
    },
    {
      "type": "Feature",
      "geometry": {
        "type": "Point",
        "coordinates": [
          110.66385,
          0.7315
        ]
      },
      "properties": {
        "confidence": "medium",
        "confidence_value": null,
        "sumber": "NASA-SNPP",
        "date_hotspot": "Minggu, 23 Agustus 2026 12:33:00",
        "date_hotspot_ori": "2026-08-23T05:33:00.000000Z",
        "provinsi": null,
        "kabkota": "Sanggau",
        "desa": "Semongan",
        "hs_id": "2026-08-23T05:33:00.000000Z",
        "provinsi_id": 11,
        "long": 110.66385,
        "ori_sumber": null,
        "desa_id": null,
        "counter": 1,
        "confidence_level": "medium",
        "kawasan": "",
        "kecamatan": "Noyan",
        "nama_provinsi": "Kalimantan Barat",
        "pulau": "",
        "route_create": "https://opsroom.sipongidata.my.id/daops/laporan/groundcheck/create/form",
        "hotspot_date": "2026-08-23",
        "distance_hgu_km": 3.267,
        "zone": "3–5 km",
        "location_status": "OUTSIDE HGU"
      }
    },
    {
      "type": "Feature",
      "geometry": {
        "type": "Point",
        "coordinates": [
          110.73044,
          0.83764
        ]
      },
      "properties": {
        "confidence": "medium",
        "confidence_value": null,
        "sumber": "NASA-SNPP",
        "date_hotspot": "Rabu, 26 Agustus 2026 13:18:00",
        "date_hotspot_ori": "2026-08-26T06:18:00.000000Z",
        "provinsi": null,
        "kabkota": "Sanggau",
        "desa": "Sangai Tekam",
        "hs_id": "2026-08-26T06:18:00.000000Z",
        "provinsi_id": 11,
        "long": 110.73044,
        "ori_sumber": null,
        "desa_id": null,
        "counter": 1,
        "confidence_level": "medium",
        "kawasan": "",
        "kecamatan": "Sekayam",
        "nama_provinsi": "Kalimantan Barat",
        "pulau": "",
        "route_create": "https://opsroom.sipongidata.my.id/daops/laporan/groundcheck/create/form",
        "hotspot_date": "2026-08-26",
        "distance_hgu_km": 1.174,
        "zone": "1–3 km",
        "location_status": "OUTSIDE HGU"
      }
    },
    {
      "type": "Feature",
      "geometry": {
        "type": "Point",
        "coordinates": [
          110.6546,
          0.84969
        ]
      },
      "properties": {
        "confidence": "medium",
        "confidence_value": null,
        "sumber": "NASA-SNPP",
        "date_hotspot": "Rabu, 19 Agustus 2026 13:50:00",
        "date_hotspot_ori": "2026-08-19T06:50:00.000000Z",
        "provinsi": null,
        "kabkota": "Sanggau",
        "desa": "Sangai Tekam",
        "hs_id": "2026-08-19T06:50:00.000000Z",
        "provinsi_id": 11,
        "long": 110.6546,
        "ori_sumber": null,
        "desa_id": null,
        "counter": 1,
        "confidence_level": "medium",
        "kawasan": "",
        "kecamatan": "Sekayam",
        "nama_provinsi": "Kalimantan Barat",
        "pulau": "",
        "route_create": "https://opsroom.sipongidata.my.id/daops/laporan/groundcheck/create/form",
        "hotspot_date": "2026-08-19",
        "distance_hgu_km": 1.45,
        "zone": "1–3 km",
        "location_status": "OUTSIDE HGU"
      }
    },
    {
      "type": "Feature",
      "geometry": {
        "type": "Point",
        "coordinates": [
          110.70009,
          0.71722
        ]
      },
      "properties": {
        "confidence": "medium",
        "confidence_value": null,
        "sumber": "NASA-NOAA20",
        "date_hotspot": "Selasa, 01 September 2026 13:25:00",
        "date_hotspot_ori": "2026-09-01T06:25:00.000000Z",
        "provinsi": null,
        "kabkota": "Sanggau",
        "desa": "Semongan",
        "hs_id": "2026-09-01T06:25:00.000000Z",
        "provinsi_id": 11,
        "long": 110.70009,
        "ori_sumber": null,
        "desa_id": null,
        "counter": 1,
        "confidence_level": "medium",
        "kawasan": "",
        "kecamatan": "Noyan",
        "nama_provinsi": "Kalimantan Barat",
        "pulau": "",
        "route_create": "https://opsroom.sipongidata.my.id/daops/laporan/groundcheck/create/form",
        "hotspot_date": "2026-09-01",
        "distance_hgu_km": 3.494,
        "zone": "3–5 km",
        "location_status": "OUTSIDE HGU"
      }
    },
    {
      "type": "Feature",
      "geometry": {
        "type": "Point",
        "coordinates": [
          110.73384,
          0.88825
        ]
      },
      "properties": {
        "confidence": "medium",
        "confidence_value": null,
        "sumber": "NASA-NOAA20",
        "date_hotspot": "Rabu, 02 September 2026 00:24:00",
        "date_hotspot_ori": "2026-09-01T17:24:00.000000Z",
        "provinsi": null,
        "kabkota": "Sanggau",
        "desa": "Sangai Tekam",
        "hs_id": "2026-09-01T17:24:00.000000Z",
        "provinsi_id": 11,
        "long": 110.73384,
        "ori_sumber": null,
        "desa_id": null,
        "counter": 4,
        "confidence_level": "medium",
        "kawasan": "",
        "kecamatan": "Sekayam",
        "nama_provinsi": "Kalimantan Barat",
        "pulau": "",
        "route_create": "https://opsroom.sipongidata.my.id/daops/laporan/groundcheck/create/form",
        "hotspot_date": "2026-09-02",
        "distance_hgu_km": 4.646,
        "zone": "3–5 km",
        "location_status": "OUTSIDE HGU"
      }
    },
    {
      "type": "Feature",
      "geometry": {
        "type": "Point",
        "coordinates": [
          110.7082,
          0.79879
        ]
      },
      "properties": {
        "confidence": "medium",
        "confidence_value": null,
        "sumber": "NASA-SNPP",
        "date_hotspot": "Rabu, 09 September 2026 01:13:00",
        "date_hotspot_ori": "2026-09-08T18:13:00.000000Z",
        "provinsi": null,
        "kabkota": "Sanggau",
        "desa": "Melenggang",
        "hs_id": "2026-09-08T18:13:00.000000Z",
        "provinsi_id": 11,
        "long": 110.7082,
        "ori_sumber": null,
        "desa_id": null,
        "counter": 1,
        "confidence_level": "medium",
        "kawasan": "",
        "kecamatan": "Sekayam",
        "nama_provinsi": "Kalimantan Barat",
        "pulau": "",
        "route_create": "https://opsroom.sipongidata.my.id/daops/laporan/groundcheck/create/form",
        "hotspot_date": "2026-09-09",
        "distance_hgu_km": 0.0,
        "zone": "Inside HGU",
        "location_status": "INSIDE HGU"
      }
    },
    {
      "type": "Feature",
      "geometry": {
        "type": "Point",
        "coordinates": [
          110.70773,
          0.80169
        ]
      },
      "properties": {
        "confidence": "medium",
        "confidence_value": null,
        "sumber": "NASA-NOAA20",
        "date_hotspot": "Rabu, 09 September 2026 01:34:00",
        "date_hotspot_ori": "2026-09-08T18:34:00.000000Z",
        "provinsi": null,
        "kabkota": "Sanggau",
        "desa": "Melenggang",
        "hs_id": "2026-09-08T18:34:00.000000Z",
        "provinsi_id": 11,
        "long": 110.70773,
        "ori_sumber": null,
        "desa_id": null,
        "counter": 1,
        "confidence_level": "medium",
        "kawasan": "",
        "kecamatan": "Sekayam",
        "nama_provinsi": "Kalimantan Barat",
        "pulau": "",
        "route_create": "https://opsroom.sipongidata.my.id/daops/laporan/groundcheck/create/form",
        "hotspot_date": "2026-09-09",
        "distance_hgu_km": 0.0,
        "zone": "Inside HGU",
        "location_status": "INSIDE HGU"
      }
    },
    {
      "type": "Feature",
      "geometry": {
        "type": "Point",
        "coordinates": [
          110.68259,
          0.83748
        ]
      },
      "properties": {
        "confidence": "medium",
        "confidence_value": null,
        "sumber": "NASA-NOAA20",
        "date_hotspot": "Jumat, 11 September 2026 13:37:00",
        "date_hotspot_ori": "2026-09-11T06:37:00.000000Z",
        "provinsi": null,
        "kabkota": "Sanggau",
        "desa": "Sangai Tekam",
        "hs_id": "2026-09-11T06:37:00.000000Z",
        "provinsi_id": 11,
        "long": 110.68259,
        "ori_sumber": null,
        "desa_id": null,
        "counter": 1,
        "confidence_level": "medium",
        "kawasan": "",
        "kecamatan": "Sekayam",
        "nama_provinsi": "Kalimantan Barat",
        "pulau": "",
        "route_create": "https://opsroom.sipongidata.my.id/daops/laporan/groundcheck/create/form",
        "hotspot_date": "2026-09-11",
        "distance_hgu_km": 0.0,
        "zone": "Inside HGU",
        "location_status": "INSIDE HGU"
      }
    },
    {
      "type": "Feature",
      "geometry": {
        "type": "Point",
        "coordinates": [
          110.68047,
          0.76357
        ]
      },
      "properties": {
        "confidence": "medium",
        "confidence_value": null,
        "sumber": "NASA-NOAA20",
        "date_hotspot": "Sabtu, 29 Agustus 2026 12:40:00",
        "date_hotspot_ori": "2026-08-29T05:40:00.000000Z",
        "provinsi": null,
        "kabkota": "Sanggau",
        "desa": "Semongan",
        "hs_id": "2026-08-29T05:40:00.000000Z",
        "provinsi_id": 11,
        "long": 110.68047,
        "ori_sumber": null,
        "desa_id": null,
        "counter": 1,
        "confidence_level": "medium",
        "kawasan": "",
        "kecamatan": "Noyan",
        "nama_provinsi": "Kalimantan Barat",
        "pulau": "",
        "route_create": "https://opsroom.sipongidata.my.id/daops/laporan/groundcheck/create/form",
        "hotspot_date": "2026-08-29",
        "distance_hgu_km": 0.903,
        "zone": "0–1 km",
        "location_status": "OUTSIDE HGU"
      }
    },
    {
      "type": "Feature",
      "geometry": {
        "type": "Point",
        "coordinates": [
          110.70985,
          0.79904
        ]
      },
      "properties": {
        "confidence": "medium",
        "confidence_value": null,
        "sumber": "NASA-NOAA20",
        "date_hotspot": "Minggu, 30 Agustus 2026 01:19:00",
        "date_hotspot_ori": "2026-08-29T18:19:00.000000Z",
        "provinsi": null,
        "kabkota": "Sanggau",
        "desa": "Melenggang",
        "hs_id": "2026-08-29T18:19:00.000000Z",
        "provinsi_id": 11,
        "long": 110.70985,
        "ori_sumber": null,
        "desa_id": null,
        "counter": 1,
        "confidence_level": "medium",
        "kawasan": "",
        "kecamatan": "Sekayam",
        "nama_provinsi": "Kalimantan Barat",
        "pulau": "",
        "route_create": "https://opsroom.sipongidata.my.id/daops/laporan/groundcheck/create/form",
        "hotspot_date": "2026-08-30",
        "distance_hgu_km": 0.0,
        "zone": "Inside HGU",
        "location_status": "INSIDE HGU"
      }
    },
    {
      "type": "Feature",
      "geometry": {
        "type": "Point",
        "coordinates": [
          110.73534,
          0.88269
        ]
      },
      "properties": {
        "confidence": "medium",
        "confidence_value": null,
        "sumber": "NASA-NOAA20",
        "date_hotspot": "Senin, 31 Agustus 2026 01:02:00",
        "date_hotspot_ori": "2026-08-30T18:02:00.000000Z",
        "provinsi": null,
        "kabkota": "Sanggau",
        "desa": "Sangai Tekam",
        "hs_id": "2026-08-30T18:02:00.000000Z",
        "provinsi_id": 11,
        "long": 110.73534,
        "ori_sumber": null,
        "desa_id": null,
        "counter": 2,
        "confidence_level": "medium",
        "kawasan": "",
        "kecamatan": "Sekayam",
        "nama_provinsi": "Kalimantan Barat",
        "pulau": "",
        "route_create": "https://opsroom.sipongidata.my.id/daops/laporan/groundcheck/create/form",
        "hotspot_date": "2026-08-31",
        "distance_hgu_km": 4.138,
        "zone": "3–5 km",
        "location_status": "OUTSIDE HGU"
      }
    },
    {
      "type": "Feature",
      "geometry": {
        "type": "Point",
        "coordinates": [
          110.73332,
          0.8871
        ]
      },
      "properties": {
        "confidence": "medium",
        "confidence_value": null,
        "sumber": "NASA-NOAA20",
        "date_hotspot": "Selasa, 01 September 2026 00:43:00",
        "date_hotspot_ori": "2026-08-31T17:43:00.000000Z",
        "provinsi": null,
        "kabkota": "Sanggau",
        "desa": "Sangai Tekam",
        "hs_id": "2026-08-31T17:43:00.000000Z",
        "provinsi_id": 11,
        "long": 110.73332,
        "ori_sumber": null,
        "desa_id": null,
        "counter": 3,
        "confidence_level": "medium",
        "kawasan": "",
        "kecamatan": "Sekayam",
        "nama_provinsi": "Kalimantan Barat",
        "pulau": "",
        "route_create": "https://opsroom.sipongidata.my.id/daops/laporan/groundcheck/create/form",
        "hotspot_date": "2026-09-01",
        "distance_hgu_km": 4.506,
        "zone": "3–5 km",
        "location_status": "OUTSIDE HGU"
      }
    },
    {
      "type": "Feature",
      "geometry": {
        "type": "Point",
        "coordinates": [
          110.64877,
          0.72824
        ]
      },
      "properties": {
        "confidence": "medium",
        "confidence_value": null,
        "sumber": "NASA-SNPP",
        "date_hotspot": "Kamis, 20 Agustus 2026 13:29:00",
        "date_hotspot_ori": "2026-08-20T06:29:00.000000Z",
        "provinsi": null,
        "kabkota": "Sanggau",
        "desa": "Semongan",
        "hs_id": "2026-08-20T06:29:00.000000Z",
        "provinsi_id": 11,
        "long": 110.64877,
        "ori_sumber": null,
        "desa_id": null,
        "counter": 1,
        "confidence_level": "medium",
        "kawasan": "",
        "kecamatan": "Noyan",
        "nama_provinsi": "Kalimantan Barat",
        "pulau": "",
        "route_create": "https://opsroom.sipongidata.my.id/daops/laporan/groundcheck/create/form",
        "hotspot_date": "2026-08-20",
        "distance_hgu_km": 4.911,
        "zone": "3–5 km",
        "location_status": "OUTSIDE HGU"
      }
    },
    {
      "type": "Feature",
      "geometry": {
        "type": "Point",
        "coordinates": [
          110.6618,
          0.83073
        ]
      },
      "properties": {
        "confidence": "medium",
        "confidence_value": null,
        "sumber": "NASA-SNPP",
        "date_hotspot": "Kamis, 20 Agustus 2026 13:29:00",
        "date_hotspot_ori": "2026-08-20T06:29:00.000000Z",
        "provinsi": null,
        "kabkota": "Sanggau",
        "desa": "Sangai Tekam",
        "hs_id": "2026-08-20T06:29:00.000000Z",
        "provinsi_id": 11,
        "long": 110.6618,
        "ori_sumber": null,
        "desa_id": null,
        "counter": 1,
        "confidence_level": "medium",
        "kawasan": "",
        "kecamatan": "Sekayam",
        "nama_provinsi": "Kalimantan Barat",
        "pulau": "",
        "route_create": "https://opsroom.sipongidata.my.id/daops/laporan/groundcheck/create/form",
        "hotspot_date": "2026-08-20",
        "distance_hgu_km": 0.0,
        "zone": "Inside HGU",
        "location_status": "INSIDE HGU"
      }
    },
    {
      "type": "Feature",
      "geometry": {
        "type": "Point",
        "coordinates": [
          110.70451,
          0.82981
        ]
      },
      "properties": {
        "confidence": "medium",
        "confidence_value": null,
        "sumber": "NASA-SNPP",
        "date_hotspot": "Kamis, 03 September 2026 14:07:00",
        "date_hotspot_ori": "2026-09-03T07:07:00.000000Z",
        "provinsi": null,
        "kabkota": "Sanggau",
        "desa": "Sangai Tekam",
        "hs_id": "2026-09-03T07:07:00.000000Z",
        "provinsi_id": 11,
        "long": 110.70451,
        "ori_sumber": null,
        "desa_id": null,
        "counter": 1,
        "confidence_level": "medium",
        "kawasan": "",
        "kecamatan": "Sekayam",
        "nama_provinsi": "Kalimantan Barat",
        "pulau": "",
        "route_create": "https://opsroom.sipongidata.my.id/daops/laporan/groundcheck/create/form",
        "hotspot_date": "2026-09-03",
        "distance_hgu_km": 0.028,
        "zone": "0–1 km",
        "location_status": "OUTSIDE HGU"
      }
    },
    {
      "type": "Feature",
      "geometry": {
        "type": "Point",
        "coordinates": [
          110.67293,
          0.86297
        ]
      },
      "properties": {
        "confidence": "medium",
        "confidence_value": null,
        "sumber": "NASA-SNPP",
        "date_hotspot": "Jumat, 14 Agustus 2026 13:42:00",
        "date_hotspot_ori": "2026-08-14T06:42:00.000000Z",
        "provinsi": null,
        "kabkota": "Sanggau",
        "desa": "Sangai Tekam",
        "hs_id": "2026-08-14T06:42:00.000000Z",
        "provinsi_id": 11,
        "long": 110.67293,
        "ori_sumber": null,
        "desa_id": null,
        "counter": 1,
        "confidence_level": "medium",
        "kawasan": "",
        "kecamatan": "Sekayam",
        "nama_provinsi": "Kalimantan Barat",
        "pulau": "",
        "route_create": "https://opsroom.sipongidata.my.id/daops/laporan/groundcheck/create/form",
        "hotspot_date": "2026-08-14",
        "distance_hgu_km": 2.469,
        "zone": "1–3 km",
        "location_status": "OUTSIDE HGU"
      }
    },
    {
      "type": "Feature",
      "geometry": {
        "type": "Point",
        "coordinates": [
          110.67827,
          0.86167
        ]
      },
      "properties": {
        "confidence": "medium",
        "confidence_value": null,
        "sumber": "NASA-NOAA20",
        "date_hotspot": "Jumat, 14 Agustus 2026 14:01:00",
        "date_hotspot_ori": "2026-08-14T07:01:00.000000Z",
        "provinsi": null,
        "kabkota": "Sanggau",
        "desa": "Sangai Tekam",
        "hs_id": "2026-08-14T07:01:00.000000Z",
        "provinsi_id": 11,
        "long": 110.67827,
        "ori_sumber": null,
        "desa_id": null,
        "counter": 1,
        "confidence_level": "medium",
        "kawasan": "",
        "kecamatan": "Sekayam",
        "nama_provinsi": "Kalimantan Barat",
        "pulau": "",
        "route_create": "https://opsroom.sipongidata.my.id/daops/laporan/groundcheck/create/form",
        "hotspot_date": "2026-08-14",
        "distance_hgu_km": 2.069,
        "zone": "1–3 km",
        "location_status": "OUTSIDE HGU"
      }
    },
    {
      "type": "Feature",
      "geometry": {
        "type": "Point",
        "coordinates": [
          110.74067,
          0.84419
        ]
      },
      "properties": {
        "confidence": "medium",
        "confidence_value": null,
        "sumber": "NASA-SNPP",
        "date_hotspot": "Sabtu, 15 Agustus 2026 13:22:00",
        "date_hotspot_ori": "2026-08-15T06:22:00.000000Z",
        "provinsi": null,
        "kabkota": "Sanggau",
        "desa": "Sangai Tekam",
        "hs_id": "2026-08-15T06:22:00.000000Z",
        "provinsi_id": 11,
        "long": 110.74067,
        "ori_sumber": null,
        "desa_id": null,
        "counter": 1,
        "confidence_level": "medium",
        "kawasan": "",
        "kecamatan": "Sekayam",
        "nama_provinsi": "Kalimantan Barat",
        "pulau": "",
        "route_create": "https://opsroom.sipongidata.my.id/daops/laporan/groundcheck/create/form",
        "hotspot_date": "2026-08-15",
        "distance_hgu_km": 2.31,
        "zone": "1–3 km",
        "location_status": "OUTSIDE HGU"
      }
    },
    {
      "type": "Feature",
      "geometry": {
        "type": "Point",
        "coordinates": [
          110.64442,
          0.85494
        ]
      },
      "properties": {
        "confidence": "medium",
        "confidence_value": null,
        "sumber": "NASA-SNPP",
        "date_hotspot": "Sabtu, 15 Agustus 2026 13:22:00",
        "date_hotspot_ori": "2026-08-15T06:22:00.000000Z",
        "provinsi": null,
        "kabkota": "Sanggau",
        "desa": "Sangai Tekam",
        "hs_id": "2026-08-15T06:22:00.000000Z",
        "provinsi_id": 11,
        "long": 110.64442,
        "ori_sumber": null,
        "desa_id": null,
        "counter": 1,
        "confidence_level": "medium",
        "kawasan": "",
        "kecamatan": "Sekayam",
        "nama_provinsi": "Kalimantan Barat",
        "pulau": "",
        "route_create": "https://opsroom.sipongidata.my.id/daops/laporan/groundcheck/create/form",
        "hotspot_date": "2026-08-15",
        "distance_hgu_km": 2.418,
        "zone": "1–3 km",
        "location_status": "OUTSIDE HGU"
      }
    },
    {
      "type": "Feature",
      "geometry": {
        "type": "Point",
        "coordinates": [
          110.68489,
          0.83198
        ]
      },
      "properties": {
        "confidence": "medium",
        "confidence_value": null,
        "sumber": "NASA-SNPP",
        "date_hotspot": "Sabtu, 15 Agustus 2026 13:22:00",
        "date_hotspot_ori": "2026-08-15T06:22:00.000000Z",
        "provinsi": null,
        "kabkota": "Sanggau",
        "desa": "Sangai Tekam",
        "hs_id": "2026-08-15T06:22:00.000000Z",
        "provinsi_id": 11,
        "long": 110.68489,
        "ori_sumber": null,
        "desa_id": null,
        "counter": 1,
        "confidence_level": "medium",
        "kawasan": "",
        "kecamatan": "Sekayam",
        "nama_provinsi": "Kalimantan Barat",
        "pulau": "",
        "route_create": "https://opsroom.sipongidata.my.id/daops/laporan/groundcheck/create/form",
        "hotspot_date": "2026-08-15",
        "distance_hgu_km": 0.0,
        "zone": "Inside HGU",
        "location_status": "INSIDE HGU"
      }
    },
    {
      "type": "Feature",
      "geometry": {
        "type": "Point",
        "coordinates": [
          110.70521,
          0.83645
        ]
      },
      "properties": {
        "confidence": "medium",
        "confidence_value": null,
        "sumber": "NASA-NOAA20",
        "date_hotspot": "Sabtu, 15 Agustus 2026 13:44:00",
        "date_hotspot_ori": "2026-08-15T06:44:00.000000Z",
        "provinsi": null,
        "kabkota": "Sanggau",
        "desa": "Sangai Tekam",
        "hs_id": "2026-08-15T06:44:00.000000Z",
        "provinsi_id": 11,
        "long": 110.70521,
        "ori_sumber": null,
        "desa_id": null,
        "counter": 1,
        "confidence_level": "medium",
        "kawasan": "",
        "kecamatan": "Sekayam",
        "nama_provinsi": "Kalimantan Barat",
        "pulau": "",
        "route_create": "https://opsroom.sipongidata.my.id/daops/laporan/groundcheck/create/form",
        "hotspot_date": "2026-08-15",
        "distance_hgu_km": 0.145,
        "zone": "0–1 km",
        "location_status": "OUTSIDE HGU"
      }
    },
    {
      "type": "Feature",
      "geometry": {
        "type": "Point",
        "coordinates": [
          110.70183,
          0.83592
        ]
      },
      "properties": {
        "confidence": "medium",
        "confidence_value": null,
        "sumber": "NASA-NOAA20",
        "date_hotspot": "Sabtu, 15 Agustus 2026 13:44:00",
        "date_hotspot_ori": "2026-08-15T06:44:00.000000Z",
        "provinsi": null,
        "kabkota": "Sanggau",
        "desa": "Sangai Tekam",
        "hs_id": "2026-08-15T06:44:00.000000Z",
        "provinsi_id": 11,
        "long": 110.70183,
        "ori_sumber": null,
        "desa_id": null,
        "counter": 1,
        "confidence_level": "medium",
        "kawasan": "",
        "kecamatan": "Sekayam",
        "nama_provinsi": "Kalimantan Barat",
        "pulau": "",
        "route_create": "https://opsroom.sipongidata.my.id/daops/laporan/groundcheck/create/form",
        "hotspot_date": "2026-08-15",
        "distance_hgu_km": 0.078,
        "zone": "0–1 km",
        "location_status": "OUTSIDE HGU"
      }
    },
    {
      "type": "Feature",
      "geometry": {
        "type": "Point",
        "coordinates": [
          110.66829,
          0.83308
        ]
      },
      "properties": {
        "confidence": "medium",
        "confidence_value": null,
        "sumber": "NASA-SNPP",
        "date_hotspot": "Sabtu, 15 Agustus 2026 13:22:00",
        "date_hotspot_ori": "2026-08-15T06:22:00.000000Z",
        "provinsi": null,
        "kabkota": "Sanggau",
        "desa": "Sangai Tekam",
        "hs_id": "2026-08-15T06:22:00.000000Z",
        "provinsi_id": 11,
        "long": 110.66829,
        "ori_sumber": null,
        "desa_id": null,
        "counter": 1,
        "confidence_level": "medium",
        "kawasan": "",
        "kecamatan": "Sekayam",
        "nama_provinsi": "Kalimantan Barat",
        "pulau": "",
        "route_create": "https://opsroom.sipongidata.my.id/daops/laporan/groundcheck/create/form",
        "hotspot_date": "2026-08-15",
        "distance_hgu_km": 0.0,
        "zone": "Inside HGU",
        "location_status": "INSIDE HGU"
      }
    },
    {
      "type": "Feature",
      "geometry": {
        "type": "Point",
        "coordinates": [
          110.74004,
          0.73459
        ]
      },
      "properties": {
        "confidence": "medium",
        "confidence_value": null,
        "sumber": "NASA-NOAA20",
        "date_hotspot": "Jumat, 21 Agustus 2026 13:29:00",
        "date_hotspot_ori": "2026-08-21T06:29:00.000000Z",
        "provinsi": null,
        "kabkota": "Sanggau",
        "desa": "Melenggang",
        "hs_id": "2026-08-21T06:29:00.000000Z",
        "provinsi_id": 11,
        "long": 110.74004,
        "ori_sumber": null,
        "desa_id": null,
        "counter": 1,
        "confidence_level": "medium",
        "kawasan": "",
        "kecamatan": "Sekayam",
        "nama_provinsi": "Kalimantan Barat",
        "pulau": "",
        "route_create": "https://opsroom.sipongidata.my.id/daops/laporan/groundcheck/create/form",
        "hotspot_date": "2026-08-21",
        "distance_hgu_km": 4.856,
        "zone": "3–5 km",
        "location_status": "OUTSIDE HGU"
      }
    },
    {
      "type": "Feature",
      "geometry": {
        "type": "Point",
        "coordinates": [
          110.66194,
          0.78206
        ]
      },
      "properties": {
        "confidence": "medium",
        "confidence_value": null,
        "sumber": "NASA-NOAA20",
        "date_hotspot": "Jumat, 21 Agustus 2026 13:29:00",
        "date_hotspot_ori": "2026-08-21T06:29:00.000000Z",
        "provinsi": null,
        "kabkota": "Sanggau",
        "desa": "Melenggang",
        "hs_id": "2026-08-21T06:29:00.000000Z",
        "provinsi_id": 11,
        "long": 110.66194,
        "ori_sumber": null,
        "desa_id": null,
        "counter": 1,
        "confidence_level": "medium",
        "kawasan": "",
        "kecamatan": "Sekayam",
        "nama_provinsi": "Kalimantan Barat",
        "pulau": "",
        "route_create": "https://opsroom.sipongidata.my.id/daops/laporan/groundcheck/create/form",
        "hotspot_date": "2026-08-21",
        "distance_hgu_km": 0.892,
        "zone": "0–1 km",
        "location_status": "OUTSIDE HGU"
      }
    },
    {
      "type": "Feature",
      "geometry": {
        "type": "Point",
        "coordinates": [
          110.69831,
          0.8612
        ]
      },
      "properties": {
        "confidence": "medium",
        "confidence_value": null,
        "sumber": "NASA-NOAA20",
        "date_hotspot": "Sabtu, 22 Agustus 2026 13:12:00",
        "date_hotspot_ori": "2026-08-22T06:12:00.000000Z",
        "provinsi": null,
        "kabkota": "Sanggau",
        "desa": "Sangai Tekam",
        "hs_id": "2026-08-22T06:12:00.000000Z",
        "provinsi_id": 11,
        "long": 110.69831,
        "ori_sumber": null,
        "desa_id": null,
        "counter": 1,
        "confidence_level": "medium",
        "kawasan": "",
        "kecamatan": "Sekayam",
        "nama_provinsi": "Kalimantan Barat",
        "pulau": "",
        "route_create": "https://opsroom.sipongidata.my.id/daops/laporan/groundcheck/create/form",
        "hotspot_date": "2026-08-22",
        "distance_hgu_km": 1.545,
        "zone": "1–3 km",
        "location_status": "OUTSIDE HGU"
      }
    },
    {
      "type": "Feature",
      "geometry": {
        "type": "Point",
        "coordinates": [
          110.6836,
          0.77725
        ]
      },
      "properties": {
        "confidence": "medium",
        "confidence_value": null,
        "sumber": "NASA-NOAA20",
        "date_hotspot": "Selasa, 25 Agustus 2026 12:16:00",
        "date_hotspot_ori": "2026-08-25T05:16:00.000000Z",
        "provinsi": null,
        "kabkota": "Sanggau",
        "desa": "Melenggang",
        "hs_id": "2026-08-25T05:16:00.000000Z",
        "provinsi_id": 11,
        "long": 110.6836,
        "ori_sumber": null,
        "desa_id": null,
        "counter": 1,
        "confidence_level": "medium",
        "kawasan": "",
        "kecamatan": "Sekayam",
        "nama_provinsi": "Kalimantan Barat",
        "pulau": "",
        "route_create": "https://opsroom.sipongidata.my.id/daops/laporan/groundcheck/create/form",
        "hotspot_date": "2026-08-25",
        "distance_hgu_km": 0.874,
        "zone": "0–1 km",
        "location_status": "OUTSIDE HGU"
      }
    },
    {
      "type": "Feature",
      "geometry": {
        "type": "Point",
        "coordinates": [
          110.70912,
          0.7861
        ]
      },
      "properties": {
        "confidence": "medium",
        "confidence_value": null,
        "sumber": "NASA-SNPP",
        "date_hotspot": "Rabu, 26 Agustus 2026 13:18:00",
        "date_hotspot_ori": "2026-08-26T06:18:00.000000Z",
        "provinsi": null,
        "kabkota": "Sanggau",
        "desa": "Melenggang",
        "hs_id": "2026-08-26T06:18:00.000000Z",
        "provinsi_id": 11,
        "long": 110.70912,
        "ori_sumber": null,
        "desa_id": null,
        "counter": 1,
        "confidence_level": "medium",
        "kawasan": "",
        "kecamatan": "Sekayam",
        "nama_provinsi": "Kalimantan Barat",
        "pulau": "",
        "route_create": "https://opsroom.sipongidata.my.id/daops/laporan/groundcheck/create/form",
        "hotspot_date": "2026-08-26",
        "distance_hgu_km": 0.045,
        "zone": "0–1 km",
        "location_status": "OUTSIDE HGU"
      }
    },
    {
      "type": "Feature",
      "geometry": {
        "type": "Point",
        "coordinates": [
          110.70859,
          0.80014
        ]
      },
      "properties": {
        "confidence": "medium",
        "confidence_value": null,
        "sumber": "NASA-NOAA20",
        "date_hotspot": "Kamis, 03 September 2026 01:45:00",
        "date_hotspot_ori": "2026-09-02T18:45:00.000000Z",
        "provinsi": null,
        "kabkota": "Sanggau",
        "desa": "Melenggang",
        "hs_id": "2026-09-02T18:45:00.000000Z",
        "provinsi_id": 11,
        "long": 110.70859,
        "ori_sumber": null,
        "desa_id": null,
        "counter": 1,
        "confidence_level": "medium",
        "kawasan": "",
        "kecamatan": "Sekayam",
        "nama_provinsi": "Kalimantan Barat",
        "pulau": "",
        "route_create": "https://opsroom.sipongidata.my.id/daops/laporan/groundcheck/create/form",
        "hotspot_date": "2026-09-03",
        "distance_hgu_km": 0.0,
        "zone": "Inside HGU",
        "location_status": "INSIDE HGU"
      }
    },
    {
      "type": "Feature",
      "geometry": {
        "type": "Point",
        "coordinates": [
          110.70858,
          0.80031
        ]
      },
      "properties": {
        "confidence": "medium",
        "confidence_value": null,
        "sumber": "NASA-NOAA20",
        "date_hotspot": "Kamis, 20 Agustus 2026 01:09:00",
        "date_hotspot_ori": "2026-08-19T18:09:00.000000Z",
        "provinsi": null,
        "kabkota": "Sanggau",
        "desa": "Melenggang",
        "hs_id": "2026-08-19T18:09:00.000000Z",
        "provinsi_id": 11,
        "long": 110.70858,
        "ori_sumber": null,
        "desa_id": null,
        "counter": 2,
        "confidence_level": "medium",
        "kawasan": "",
        "kecamatan": "Sekayam",
        "nama_provinsi": "Kalimantan Barat",
        "pulau": "",
        "route_create": "https://opsroom.sipongidata.my.id/daops/laporan/groundcheck/create/form",
        "hotspot_date": "2026-08-20",
        "distance_hgu_km": 0.0,
        "zone": "Inside HGU",
        "location_status": "INSIDE HGU"
      }
    },
    {
      "type": "Feature",
      "geometry": {
        "type": "Point",
        "coordinates": [
          110.68036,
          0.83955
        ]
      },
      "properties": {
        "confidence": "medium",
        "confidence_value": null,
        "sumber": "NASA-SNPP",
        "date_hotspot": "Jumat, 11 September 2026 13:18:00",
        "date_hotspot_ori": "2026-09-11T06:18:00.000000Z",
        "provinsi": null,
        "kabkota": "Sanggau",
        "desa": "Sangai Tekam",
        "hs_id": "2026-09-11T06:18:00.000000Z",
        "provinsi_id": 11,
        "long": 110.68036,
        "ori_sumber": null,
        "desa_id": null,
        "counter": 1,
        "confidence_level": "medium",
        "kawasan": "",
        "kecamatan": "Sekayam",
        "nama_provinsi": "Kalimantan Barat",
        "pulau": "",
        "route_create": "https://opsroom.sipongidata.my.id/daops/laporan/groundcheck/create/form",
        "hotspot_date": "2026-09-11",
        "distance_hgu_km": 0.0,
        "zone": "Inside HGU",
        "location_status": "INSIDE HGU"
      }
    },
    {
      "type": "Feature",
      "geometry": {
        "type": "Point",
        "coordinates": [
          110.72057,
          0.79889
        ]
      },
      "properties": {
        "confidence": "medium",
        "confidence_value": null,
        "sumber": "NASA-NOAA20",
        "date_hotspot": "Jumat, 11 September 2026 13:37:00",
        "date_hotspot_ori": "2026-09-11T06:37:00.000000Z",
        "provinsi": null,
        "kabkota": "Sanggau",
        "desa": "Melenggang",
        "hs_id": "2026-09-11T06:37:00.000000Z",
        "provinsi_id": 11,
        "long": 110.72057,
        "ori_sumber": null,
        "desa_id": null,
        "counter": 1,
        "confidence_level": "medium",
        "kawasan": "",
        "kecamatan": "Sekayam",
        "nama_provinsi": "Kalimantan Barat",
        "pulau": "",
        "route_create": "https://opsroom.sipongidata.my.id/daops/laporan/groundcheck/create/form",
        "hotspot_date": "2026-09-11",
        "distance_hgu_km": 1.137,
        "zone": "1–3 km",
        "location_status": "OUTSIDE HGU"
      }
    },
    {
      "type": "Feature",
      "geometry": {
        "type": "Point",
        "coordinates": [
          110.64871,
          0.81713
        ]
      },
      "properties": {
        "confidence": "medium",
        "confidence_value": null,
        "sumber": "NASA-SNPP",
        "date_hotspot": "Sabtu, 29 Agustus 2026 12:23:00",
        "date_hotspot_ori": "2026-08-29T05:23:00.000000Z",
        "provinsi": null,
        "kabkota": "Sanggau",
        "desa": "Noyan",
        "hs_id": "2026-08-29T05:23:00.000000Z",
        "provinsi_id": 11,
        "long": 110.64871,
        "ori_sumber": null,
        "desa_id": null,
        "counter": 1,
        "confidence_level": "medium",
        "kawasan": "",
        "kecamatan": "Noyan",
        "nama_provinsi": "Kalimantan Barat",
        "pulau": "",
        "route_create": "https://opsroom.sipongidata.my.id/daops/laporan/groundcheck/create/form",
        "hotspot_date": "2026-08-29",
        "distance_hgu_km": 0.0,
        "zone": "Inside HGU",
        "location_status": "INSIDE HGU"
      }
    },
    {
      "type": "Feature",
      "geometry": {
        "type": "Point",
        "coordinates": [
          110.67863,
          0.76124
        ]
      },
      "properties": {
        "confidence": "medium",
        "confidence_value": null,
        "sumber": "NASA-NOAA20",
        "date_hotspot": "Sabtu, 29 Agustus 2026 12:40:00",
        "date_hotspot_ori": "2026-08-29T05:40:00.000000Z",
        "provinsi": null,
        "kabkota": "Sanggau",
        "desa": "Semongan",
        "hs_id": "2026-08-29T05:40:00.000000Z",
        "provinsi_id": 11,
        "long": 110.67863,
        "ori_sumber": null,
        "desa_id": null,
        "counter": 1,
        "confidence_level": "medium",
        "kawasan": "",
        "kecamatan": "Noyan",
        "nama_provinsi": "Kalimantan Barat",
        "pulau": "",
        "route_create": "https://opsroom.sipongidata.my.id/daops/laporan/groundcheck/create/form",
        "hotspot_date": "2026-08-29",
        "distance_hgu_km": 1.173,
        "zone": "1–3 km",
        "location_status": "OUTSIDE HGU"
      }
    },
    {
      "type": "Feature",
      "geometry": {
        "type": "Point",
        "coordinates": [
          110.7382,
          0.83907
        ]
      },
      "properties": {
        "confidence": "medium",
        "confidence_value": null,
        "sumber": "NASA-SNPP",
        "date_hotspot": "Minggu, 30 Agustus 2026 01:02:00",
        "date_hotspot_ori": "2026-08-29T18:02:00.000000Z",
        "provinsi": null,
        "kabkota": "Sanggau",
        "desa": "Sangai Tekam",
        "hs_id": "2026-08-29T18:02:00.000000Z",
        "provinsi_id": 11,
        "long": 110.7382,
        "ori_sumber": null,
        "desa_id": null,
        "counter": 1,
        "confidence_level": "medium",
        "kawasan": "",
        "kecamatan": "Sekayam",
        "nama_provinsi": "Kalimantan Barat",
        "pulau": "",
        "route_create": "https://opsroom.sipongidata.my.id/daops/laporan/groundcheck/create/form",
        "hotspot_date": "2026-08-30",
        "distance_hgu_km": 2.038,
        "zone": "1–3 km",
        "location_status": "OUTSIDE HGU"
      }
    },
    {
      "type": "Feature",
      "geometry": {
        "type": "Point",
        "coordinates": [
          110.74072,
          0.83917
        ]
      },
      "properties": {
        "confidence": "medium",
        "confidence_value": null,
        "sumber": "NASA-SNPP",
        "date_hotspot": "Minggu, 30 Agustus 2026 01:02:00",
        "date_hotspot_ori": "2026-08-29T18:02:00.000000Z",
        "provinsi": null,
        "kabkota": "Sanggau",
        "desa": "Sangai Tekam",
        "hs_id": "2026-08-29T18:02:00.000000Z",
        "provinsi_id": 11,
        "long": 110.74072,
        "ori_sumber": null,
        "desa_id": null,
        "counter": 1,
        "confidence_level": "medium",
        "kawasan": "",
        "kecamatan": "Sekayam",
        "nama_provinsi": "Kalimantan Barat",
        "pulau": "",
        "route_create": "https://opsroom.sipongidata.my.id/daops/laporan/groundcheck/create/form",
        "hotspot_date": "2026-08-30",
        "distance_hgu_km": 2.319,
        "zone": "1–3 km",
        "location_status": "OUTSIDE HGU"
      }
    },
    {
      "type": "Feature",
      "geometry": {
        "type": "Point",
        "coordinates": [
          110.62138,
          0.81193
        ]
      },
      "properties": {
        "confidence": "medium",
        "confidence_value": null,
        "sumber": "NASA-NOAA20",
        "date_hotspot": "Minggu, 06 September 2026 13:31:00",
        "date_hotspot_ori": "2026-09-06T06:31:00.000000Z",
        "provinsi": null,
        "kabkota": "Sanggau",
        "desa": "Noyan",
        "hs_id": "2026-09-06T06:31:00.000000Z",
        "provinsi_id": 11,
        "long": 110.62138,
        "ori_sumber": null,
        "desa_id": null,
        "counter": 1,
        "confidence_level": "medium",
        "kawasan": "",
        "kecamatan": "Noyan",
        "nama_provinsi": "Kalimantan Barat",
        "pulau": "",
        "route_create": "https://opsroom.sipongidata.my.id/daops/laporan/groundcheck/create/form",
        "hotspot_date": "2026-09-06",
        "distance_hgu_km": 1.67,
        "zone": "1–3 km",
        "location_status": "OUTSIDE HGU"
      }
    },
    {
      "type": "Feature",
      "geometry": {
        "type": "Point",
        "coordinates": [
          110.73757,
          0.88644
        ]
      },
      "properties": {
        "confidence": "medium",
        "confidence_value": null,
        "sumber": "NASA-NOAA20",
        "date_hotspot": "Selasa, 01 September 2026 00:43:00",
        "date_hotspot_ori": "2026-08-31T17:43:00.000000Z",
        "provinsi": null,
        "kabkota": "Sanggau",
        "desa": "Sangai Tekam",
        "hs_id": "2026-08-31T17:43:00.000000Z",
        "provinsi_id": 11,
        "long": 110.73757,
        "ori_sumber": null,
        "desa_id": null,
        "counter": 3,
        "confidence_level": "medium",
        "kawasan": "",
        "kecamatan": "Sekayam",
        "nama_provinsi": "Kalimantan Barat",
        "pulau": "",
        "route_create": "https://opsroom.sipongidata.my.id/daops/laporan/groundcheck/create/form",
        "hotspot_date": "2026-09-01",
        "distance_hgu_km": 4.618,
        "zone": "3–5 km",
        "location_status": "OUTSIDE HGU"
      }
    },
    {
      "type": "Feature",
      "geometry": {
        "type": "Point",
        "coordinates": [
          110.6397,
          0.83503
        ]
      },
      "properties": {
        "confidence": "medium",
        "confidence_value": null,
        "sumber": "NASA-SNPP",
        "date_hotspot": "Kamis, 20 Agustus 2026 13:29:00",
        "date_hotspot_ori": "2026-08-20T06:29:00.000000Z",
        "provinsi": null,
        "kabkota": "Sanggau",
        "desa": "Sangai Tekam",
        "hs_id": "2026-08-20T06:29:00.000000Z",
        "provinsi_id": 11,
        "long": 110.6397,
        "ori_sumber": null,
        "desa_id": null,
        "counter": 1,
        "confidence_level": "medium",
        "kawasan": "",
        "kecamatan": "Sekayam",
        "nama_provinsi": "Kalimantan Barat",
        "pulau": "",
        "route_create": "https://opsroom.sipongidata.my.id/daops/laporan/groundcheck/create/form",
        "hotspot_date": "2026-08-20",
        "distance_hgu_km": 0.778,
        "zone": "0–1 km",
        "location_status": "OUTSIDE HGU"
      }
    },
    {
      "type": "Feature",
      "geometry": {
        "type": "Point",
        "coordinates": [
          110.67851,
          0.86883
        ]
      },
      "properties": {
        "confidence": "medium",
        "confidence_value": null,
        "sumber": "NASA-NOAA20",
        "date_hotspot": "Kamis, 20 Agustus 2026 13:50:00",
        "date_hotspot_ori": "2026-08-20T06:50:00.000000Z",
        "provinsi": null,
        "kabkota": "Sanggau",
        "desa": "Sangai Tekam",
        "hs_id": "2026-08-20T06:50:00.000000Z",
        "provinsi_id": 11,
        "long": 110.67851,
        "ori_sumber": null,
        "desa_id": null,
        "counter": 1,
        "confidence_level": "medium",
        "kawasan": "",
        "kecamatan": "Sekayam",
        "nama_provinsi": "Kalimantan Barat",
        "pulau": "",
        "route_create": "https://opsroom.sipongidata.my.id/daops/laporan/groundcheck/create/form",
        "hotspot_date": "2026-08-20",
        "distance_hgu_km": 2.772,
        "zone": "1–3 km",
        "location_status": "OUTSIDE HGU"
      }
    },
    {
      "type": "Feature",
      "geometry": {
        "type": "Point",
        "coordinates": [
          110.68353,
          0.86638
        ]
      },
      "properties": {
        "confidence": "medium",
        "confidence_value": null,
        "sumber": "NASA-NOAA20",
        "date_hotspot": "Kamis, 20 Agustus 2026 13:50:00",
        "date_hotspot_ori": "2026-08-20T06:50:00.000000Z",
        "provinsi": null,
        "kabkota": "Sanggau",
        "desa": "Sangai Tekam",
        "hs_id": "2026-08-20T06:50:00.000000Z",
        "provinsi_id": 11,
        "long": 110.68353,
        "ori_sumber": null,
        "desa_id": null,
        "counter": 1,
        "confidence_level": "medium",
        "kawasan": "",
        "kecamatan": "Sekayam",
        "nama_provinsi": "Kalimantan Barat",
        "pulau": "",
        "route_create": "https://opsroom.sipongidata.my.id/daops/laporan/groundcheck/create/form",
        "hotspot_date": "2026-08-20",
        "distance_hgu_km": 2.347,
        "zone": "1–3 km",
        "location_status": "OUTSIDE HGU"
      }
    },
    {
      "type": "Feature",
      "geometry": {
        "type": "Point",
        "coordinates": [
          110.67918,
          0.86572
        ]
      },
      "properties": {
        "confidence": "medium",
        "confidence_value": null,
        "sumber": "NASA-NOAA20",
        "date_hotspot": "Kamis, 20 Agustus 2026 13:50:00",
        "date_hotspot_ori": "2026-08-20T06:50:00.000000Z",
        "provinsi": null,
        "kabkota": "Sanggau",
        "desa": "Sangai Tekam",
        "hs_id": "2026-08-20T06:50:00.000000Z",
        "provinsi_id": 11,
        "long": 110.67918,
        "ori_sumber": null,
        "desa_id": null,
        "counter": 1,
        "confidence_level": "medium",
        "kawasan": "",
        "kecamatan": "Sekayam",
        "nama_provinsi": "Kalimantan Barat",
        "pulau": "",
        "route_create": "https://opsroom.sipongidata.my.id/daops/laporan/groundcheck/create/form",
        "hotspot_date": "2026-08-20",
        "distance_hgu_km": 2.426,
        "zone": "1–3 km",
        "location_status": "OUTSIDE HGU"
      }
    },
    {
      "type": "Feature",
      "geometry": {
        "type": "Point",
        "coordinates": [
          110.70795,
          0.83171
        ]
      },
      "properties": {
        "confidence": "medium",
        "confidence_value": null,
        "sumber": "NASA-SNPP",
        "date_hotspot": "Kamis, 03 September 2026 14:07:00",
        "date_hotspot_ori": "2026-09-03T07:07:00.000000Z",
        "provinsi": null,
        "kabkota": "Sanggau",
        "desa": "Sangai Tekam",
        "hs_id": "2026-09-03T07:07:00.000000Z",
        "provinsi_id": 11,
        "long": 110.70795,
        "ori_sumber": null,
        "desa_id": null,
        "counter": 1,
        "confidence_level": "medium",
        "kawasan": "",
        "kecamatan": "Sekayam",
        "nama_provinsi": "Kalimantan Barat",
        "pulau": "",
        "route_create": "https://opsroom.sipongidata.my.id/daops/laporan/groundcheck/create/form",
        "hotspot_date": "2026-09-03",
        "distance_hgu_km": 0.098,
        "zone": "0–1 km",
        "location_status": "OUTSIDE HGU"
      }
    },
    {
      "type": "Feature",
      "geometry": {
        "type": "Point",
        "coordinates": [
          110.68542,
          0.82841
        ]
      },
      "properties": {
        "confidence": "medium",
        "confidence_value": null,
        "sumber": "NASA-SNPP",
        "date_hotspot": "Sabtu, 15 Agustus 2026 13:22:00",
        "date_hotspot_ori": "2026-08-15T06:22:00.000000Z",
        "provinsi": null,
        "kabkota": "Sanggau",
        "desa": "Sangai Tekam",
        "hs_id": "2026-08-15T06:22:00.000000Z",
        "provinsi_id": 11,
        "long": 110.68542,
        "ori_sumber": null,
        "desa_id": null,
        "counter": 1,
        "confidence_level": "medium",
        "kawasan": "",
        "kecamatan": "Sekayam",
        "nama_provinsi": "Kalimantan Barat",
        "pulau": "",
        "route_create": "https://opsroom.sipongidata.my.id/daops/laporan/groundcheck/create/form",
        "hotspot_date": "2026-08-15",
        "distance_hgu_km": 0.0,
        "zone": "Inside HGU",
        "location_status": "INSIDE HGU"
      }
    },
    {
      "type": "Feature",
      "geometry": {
        "type": "Point",
        "coordinates": [
          110.6495,
          0.88032
        ]
      },
      "properties": {
        "confidence": "medium",
        "confidence_value": null,
        "sumber": "NASA-NOAA20",
        "date_hotspot": "Sabtu, 15 Agustus 2026 13:44:00",
        "date_hotspot_ori": "2026-08-15T06:44:00.000000Z",
        "provinsi": null,
        "kabkota": "Sanggau",
        "desa": "Sangai Tekam",
        "hs_id": "2026-08-15T06:44:00.000000Z",
        "provinsi_id": 11,
        "long": 110.6495,
        "ori_sumber": null,
        "desa_id": null,
        "counter": 1,
        "confidence_level": "medium",
        "kawasan": "",
        "kecamatan": "Sekayam",
        "nama_provinsi": "Kalimantan Barat",
        "pulau": "",
        "route_create": "https://opsroom.sipongidata.my.id/daops/laporan/groundcheck/create/form",
        "hotspot_date": "2026-08-15",
        "distance_hgu_km": 4.883,
        "zone": "3–5 km",
        "location_status": "OUTSIDE HGU"
      }
    },
    {
      "type": "Feature",
      "geometry": {
        "type": "Point",
        "coordinates": [
          110.68002,
          0.86294
        ]
      },
      "properties": {
        "confidence": "medium",
        "confidence_value": null,
        "sumber": "NASA-NOAA20",
        "date_hotspot": "Sabtu, 15 Agustus 2026 13:44:00",
        "date_hotspot_ori": "2026-08-15T06:44:00.000000Z",
        "provinsi": null,
        "kabkota": "Sanggau",
        "desa": "Sangai Tekam",
        "hs_id": "2026-08-15T06:44:00.000000Z",
        "provinsi_id": 11,
        "long": 110.68002,
        "ori_sumber": null,
        "desa_id": null,
        "counter": 2,
        "confidence_level": "medium",
        "kawasan": "",
        "kecamatan": "Sekayam",
        "nama_provinsi": "Kalimantan Barat",
        "pulau": "",
        "route_create": "https://opsroom.sipongidata.my.id/daops/laporan/groundcheck/create/form",
        "hotspot_date": "2026-08-15",
        "distance_hgu_km": 2.108,
        "zone": "1–3 km",
        "location_status": "OUTSIDE HGU"
      }
    },
    {
      "type": "Feature",
      "geometry": {
        "type": "Point",
        "coordinates": [
          110.67908,
          0.8683
        ]
      },
      "properties": {
        "confidence": "medium",
        "confidence_value": null,
        "sumber": "NASA-NOAA20",
        "date_hotspot": "Sabtu, 15 Agustus 2026 13:44:00",
        "date_hotspot_ori": "2026-08-15T06:44:00.000000Z",
        "provinsi": null,
        "kabkota": "Sanggau",
        "desa": "Sangai Tekam",
        "hs_id": "2026-08-15T06:44:00.000000Z",
        "provinsi_id": 11,
        "long": 110.67908,
        "ori_sumber": null,
        "desa_id": null,
        "counter": 2,
        "confidence_level": "medium",
        "kawasan": "",
        "kecamatan": "Sekayam",
        "nama_provinsi": "Kalimantan Barat",
        "pulau": "",
        "route_create": "https://opsroom.sipongidata.my.id/daops/laporan/groundcheck/create/form",
        "hotspot_date": "2026-08-15",
        "distance_hgu_km": 2.694,
        "zone": "1–3 km",
        "location_status": "OUTSIDE HGU"
      }
    },
    {
      "type": "Feature",
      "geometry": {
        "type": "Point",
        "coordinates": [
          110.66882,
          0.82951
        ]
      },
      "properties": {
        "confidence": "medium",
        "confidence_value": null,
        "sumber": "NASA-SNPP",
        "date_hotspot": "Sabtu, 15 Agustus 2026 13:22:00",
        "date_hotspot_ori": "2026-08-15T06:22:00.000000Z",
        "provinsi": null,
        "kabkota": "Sanggau",
        "desa": "Sangai Tekam",
        "hs_id": "2026-08-15T06:22:00.000000Z",
        "provinsi_id": 11,
        "long": 110.66882,
        "ori_sumber": null,
        "desa_id": null,
        "counter": 1,
        "confidence_level": "medium",
        "kawasan": "",
        "kecamatan": "Sekayam",
        "nama_provinsi": "Kalimantan Barat",
        "pulau": "",
        "route_create": "https://opsroom.sipongidata.my.id/daops/laporan/groundcheck/create/form",
        "hotspot_date": "2026-08-15",
        "distance_hgu_km": 0.0,
        "zone": "Inside HGU",
        "location_status": "INSIDE HGU"
      }
    },
    {
      "type": "Feature",
      "geometry": {
        "type": "Point",
        "coordinates": [
          110.64283,
          0.85407
        ]
      },
      "properties": {
        "confidence": "medium",
        "confidence_value": null,
        "sumber": "NASA-NOAA20",
        "date_hotspot": "Jumat, 21 Agustus 2026 13:29:00",
        "date_hotspot_ori": "2026-08-21T06:29:00.000000Z",
        "provinsi": null,
        "kabkota": "Sanggau",
        "desa": "Sangai Tekam",
        "hs_id": "2026-08-21T06:29:00.000000Z",
        "provinsi_id": 11,
        "long": 110.64283,
        "ori_sumber": null,
        "desa_id": null,
        "counter": 1,
        "confidence_level": "medium",
        "kawasan": "",
        "kecamatan": "Sekayam",
        "nama_provinsi": "Kalimantan Barat",
        "pulau": "",
        "route_create": "https://opsroom.sipongidata.my.id/daops/laporan/groundcheck/create/form",
        "hotspot_date": "2026-08-21",
        "distance_hgu_km": 2.444,
        "zone": "1–3 km",
        "location_status": "OUTSIDE HGU"
      }
    },
    {
      "type": "Feature",
      "geometry": {
        "type": "Point",
        "coordinates": [
          110.64336,
          0.85522
        ]
      },
      "properties": {
        "confidence": "medium",
        "confidence_value": null,
        "sumber": "NASA-SNPP",
        "date_hotspot": "Jumat, 21 Agustus 2026 13:12:00",
        "date_hotspot_ori": "2026-08-21T06:12:00.000000Z",
        "provinsi": null,
        "kabkota": "Sanggau",
        "desa": "Sangai Tekam",
        "hs_id": "2026-08-21T06:12:00.000000Z",
        "provinsi_id": 11,
        "long": 110.64336,
        "ori_sumber": null,
        "desa_id": null,
        "counter": 1,
        "confidence_level": "medium",
        "kawasan": "",
        "kecamatan": "Sekayam",
        "nama_provinsi": "Kalimantan Barat",
        "pulau": "",
        "route_create": "https://opsroom.sipongidata.my.id/daops/laporan/groundcheck/create/form",
        "hotspot_date": "2026-08-21",
        "distance_hgu_km": 2.51,
        "zone": "1–3 km",
        "location_status": "OUTSIDE HGU"
      }
    },
    {
      "type": "Feature",
      "geometry": {
        "type": "Point",
        "coordinates": [
          110.70746,
          0.77796
        ]
      },
      "properties": {
        "confidence": "medium",
        "confidence_value": null,
        "sumber": "NASA-NOAA20",
        "date_hotspot": "Sabtu, 22 Agustus 2026 13:12:00",
        "date_hotspot_ori": "2026-08-22T06:12:00.000000Z",
        "provinsi": null,
        "kabkota": "Sanggau",
        "desa": "Melenggang",
        "hs_id": "2026-08-22T06:12:00.000000Z",
        "provinsi_id": 11,
        "long": 110.70746,
        "ori_sumber": null,
        "desa_id": null,
        "counter": 1,
        "confidence_level": "medium",
        "kawasan": "",
        "kecamatan": "Sekayam",
        "nama_provinsi": "Kalimantan Barat",
        "pulau": "",
        "route_create": "https://opsroom.sipongidata.my.id/daops/laporan/groundcheck/create/form",
        "hotspot_date": "2026-08-22",
        "distance_hgu_km": 0.444,
        "zone": "0–1 km",
        "location_status": "OUTSIDE HGU"
      }
    },
    {
      "type": "Feature",
      "geometry": {
        "type": "Point",
        "coordinates": [
          110.64124,
          0.83366
        ]
      },
      "properties": {
        "confidence": "medium",
        "confidence_value": null,
        "sumber": "NASA-SNPP",
        "date_hotspot": "Sabtu, 22 Agustus 2026 12:53:00",
        "date_hotspot_ori": "2026-08-22T05:53:00.000000Z",
        "provinsi": null,
        "kabkota": "Sanggau",
        "desa": "Sangai Tekam",
        "hs_id": "2026-08-22T05:53:00.000000Z",
        "provinsi_id": 11,
        "long": 110.64124,
        "ori_sumber": null,
        "desa_id": null,
        "counter": 1,
        "confidence_level": "medium",
        "kawasan": "",
        "kecamatan": "Sekayam",
        "nama_provinsi": "Kalimantan Barat",
        "pulau": "",
        "route_create": "https://opsroom.sipongidata.my.id/daops/laporan/groundcheck/create/form",
        "hotspot_date": "2026-08-22",
        "distance_hgu_km": 0.611,
        "zone": "0–1 km",
        "location_status": "OUTSIDE HGU"
      }
    },
    {
      "type": "Feature",
      "geometry": {
        "type": "Point",
        "coordinates": [
          110.61437,
          0.76649
        ]
      },
      "properties": {
        "confidence": "medium",
        "confidence_value": null,
        "sumber": "NASA-SNPP",
        "date_hotspot": "Sabtu, 22 Agustus 2026 12:53:00",
        "date_hotspot_ori": "2026-08-22T05:53:00.000000Z",
        "provinsi": null,
        "kabkota": "Sanggau",
        "desa": "Noyan",
        "hs_id": "2026-08-22T05:53:00.000000Z",
        "provinsi_id": 11,
        "long": 110.61437,
        "ori_sumber": null,
        "desa_id": null,
        "counter": 1,
        "confidence_level": "medium",
        "kawasan": "",
        "kecamatan": "Noyan",
        "nama_provinsi": "Kalimantan Barat",
        "pulau": "",
        "route_create": "https://opsroom.sipongidata.my.id/daops/laporan/groundcheck/create/form",
        "hotspot_date": "2026-08-22",
        "distance_hgu_km": 2.809,
        "zone": "1–3 km",
        "location_status": "OUTSIDE HGU"
      }
    },
    {
      "type": "Feature",
      "geometry": {
        "type": "Point",
        "coordinates": [
          110.64062,
          0.83776
        ]
      },
      "properties": {
        "confidence": "medium",
        "confidence_value": null,
        "sumber": "NASA-SNPP",
        "date_hotspot": "Sabtu, 22 Agustus 2026 12:53:00",
        "date_hotspot_ori": "2026-08-22T05:53:00.000000Z",
        "provinsi": null,
        "kabkota": "Sanggau",
        "desa": "Sangai Tekam",
        "hs_id": "2026-08-22T05:53:00.000000Z",
        "provinsi_id": 11,
        "long": 110.64062,
        "ori_sumber": null,
        "desa_id": null,
        "counter": 1,
        "confidence_level": "medium",
        "kawasan": "",
        "kecamatan": "Sekayam",
        "nama_provinsi": "Kalimantan Barat",
        "pulau": "",
        "route_create": "https://opsroom.sipongidata.my.id/daops/laporan/groundcheck/create/form",
        "hotspot_date": "2026-08-22",
        "distance_hgu_km": 1.068,
        "zone": "1–3 km",
        "location_status": "OUTSIDE HGU"
      }
    },
    {
      "type": "Feature",
      "geometry": {
        "type": "Point",
        "coordinates": [
          110.64371,
          0.84243
        ]
      },
      "properties": {
        "confidence": "medium",
        "confidence_value": null,
        "sumber": "NASA-SNPP",
        "date_hotspot": "Sabtu, 22 Agustus 2026 12:53:00",
        "date_hotspot_ori": "2026-08-22T05:53:00.000000Z",
        "provinsi": null,
        "kabkota": "Sanggau",
        "desa": "Sangai Tekam",
        "hs_id": "2026-08-22T05:53:00.000000Z",
        "provinsi_id": 11,
        "long": 110.64371,
        "ori_sumber": null,
        "desa_id": null,
        "counter": 1,
        "confidence_level": "medium",
        "kawasan": "",
        "kecamatan": "Sekayam",
        "nama_provinsi": "Kalimantan Barat",
        "pulau": "",
        "route_create": "https://opsroom.sipongidata.my.id/daops/laporan/groundcheck/create/form",
        "hotspot_date": "2026-08-22",
        "distance_hgu_km": 1.55,
        "zone": "1–3 km",
        "location_status": "OUTSIDE HGU"
      }
    },
    {
      "type": "Feature",
      "geometry": {
        "type": "Point",
        "coordinates": [
          110.63821,
          0.82657
        ]
      },
      "properties": {
        "confidence": "medium",
        "confidence_value": null,
        "sumber": "NASA-NOAA20",
        "date_hotspot": "Senin, 24 Agustus 2026 12:33:00",
        "date_hotspot_ori": "2026-08-24T05:33:00.000000Z",
        "provinsi": null,
        "kabkota": "Sanggau",
        "desa": "Sangai Tekam",
        "hs_id": "2026-08-24T05:33:00.000000Z",
        "provinsi_id": 11,
        "long": 110.63821,
        "ori_sumber": null,
        "desa_id": null,
        "counter": 1,
        "confidence_level": "medium",
        "kawasan": "",
        "kecamatan": "Sekayam",
        "nama_provinsi": "Kalimantan Barat",
        "pulau": "",
        "route_create": "https://opsroom.sipongidata.my.id/daops/laporan/groundcheck/create/form",
        "hotspot_date": "2026-08-24",
        "distance_hgu_km": 0.0,
        "zone": "Inside HGU",
        "location_status": "INSIDE HGU"
      }
    },
    {
      "type": "Feature",
      "geometry": {
        "type": "Point",
        "coordinates": [
          110.70747,
          0.79843
        ]
      },
      "properties": {
        "confidence": "medium",
        "confidence_value": null,
        "sumber": "NASA-NOAA20",
        "date_hotspot": "Rabu, 19 Agustus 2026 01:26:00",
        "date_hotspot_ori": "2026-08-18T18:26:00.000000Z",
        "provinsi": null,
        "kabkota": "Sanggau",
        "desa": "Melenggang",
        "hs_id": "2026-08-18T18:26:00.000000Z",
        "provinsi_id": 11,
        "long": 110.70747,
        "ori_sumber": null,
        "desa_id": null,
        "counter": 1,
        "confidence_level": "medium",
        "kawasan": "",
        "kecamatan": "Sekayam",
        "nama_provinsi": "Kalimantan Barat",
        "pulau": "",
        "route_create": "https://opsroom.sipongidata.my.id/daops/laporan/groundcheck/create/form",
        "hotspot_date": "2026-08-19",
        "distance_hgu_km": 0.0,
        "zone": "Inside HGU",
        "location_status": "INSIDE HGU"
      }
    },
    {
      "type": "Feature",
      "geometry": {
        "type": "Point",
        "coordinates": [
          110.7435,
          0.8607
        ]
      },
      "properties": {
        "confidence": "medium",
        "confidence_value": null,
        "sumber": "NASA-NOAA20",
        "date_hotspot": "Selasa, 01 September 2026 13:25:00",
        "date_hotspot_ori": "2026-09-01T06:25:00.000000Z",
        "provinsi": null,
        "kabkota": "Sanggau",
        "desa": "Sangai Tekam",
        "hs_id": "2026-09-01T06:25:00.000000Z",
        "provinsi_id": 11,
        "long": 110.7435,
        "ori_sumber": null,
        "desa_id": null,
        "counter": 1,
        "confidence_level": "medium",
        "kawasan": "",
        "kecamatan": "Sekayam",
        "nama_provinsi": "Kalimantan Barat",
        "pulau": "",
        "route_create": "https://opsroom.sipongidata.my.id/daops/laporan/groundcheck/create/form",
        "hotspot_date": "2026-09-01",
        "distance_hgu_km": 2.945,
        "zone": "1–3 km",
        "location_status": "OUTSIDE HGU"
      }
    },
    {
      "type": "Feature",
      "geometry": {
        "type": "Point",
        "coordinates": [
          110.74113,
          0.85981
        ]
      },
      "properties": {
        "confidence": "medium",
        "confidence_value": null,
        "sumber": "NASA-NOAA20",
        "date_hotspot": "Selasa, 01 September 2026 13:25:00",
        "date_hotspot_ori": "2026-09-01T06:25:00.000000Z",
        "provinsi": null,
        "kabkota": "Sanggau",
        "desa": "Sangai Tekam",
        "hs_id": "2026-09-01T06:25:00.000000Z",
        "provinsi_id": 11,
        "long": 110.74113,
        "ori_sumber": null,
        "desa_id": null,
        "counter": 1,
        "confidence_level": "medium",
        "kawasan": "",
        "kecamatan": "Sekayam",
        "nama_provinsi": "Kalimantan Barat",
        "pulau": "",
        "route_create": "https://opsroom.sipongidata.my.id/daops/laporan/groundcheck/create/form",
        "hotspot_date": "2026-09-01",
        "distance_hgu_km": 2.666,
        "zone": "1–3 km",
        "location_status": "OUTSIDE HGU"
      }
    },
    {
      "type": "Feature",
      "geometry": {
        "type": "Point",
        "coordinates": [
          110.74339,
          0.81427
        ]
      },
      "properties": {
        "confidence": "medium",
        "confidence_value": null,
        "sumber": "NASA-SNPP",
        "date_hotspot": "Rabu, 09 September 2026 13:57:00",
        "date_hotspot_ori": "2026-09-09T06:57:00.000000Z",
        "provinsi": null,
        "kabkota": "Sanggau",
        "desa": "Melenggang",
        "hs_id": "2026-09-09T06:57:00.000000Z",
        "provinsi_id": 11,
        "long": 110.74339,
        "ori_sumber": null,
        "desa_id": null,
        "counter": 1,
        "confidence_level": "medium",
        "kawasan": "",
        "kecamatan": "Sekayam",
        "nama_provinsi": "Kalimantan Barat",
        "pulau": "",
        "route_create": "https://opsroom.sipongidata.my.id/daops/laporan/groundcheck/create/form",
        "hotspot_date": "2026-09-09",
        "distance_hgu_km": 3.523,
        "zone": "3–5 km",
        "location_status": "OUTSIDE HGU"
      }
    },
    {
      "type": "Feature",
      "geometry": {
        "type": "Point",
        "coordinates": [
          110.64642,
          0.80981
        ]
      },
      "properties": {
        "confidence": "medium",
        "confidence_value": null,
        "sumber": "NASA-NOAA20",
        "date_hotspot": "Rabu, 26 Agustus 2026 13:37:00",
        "date_hotspot_ori": "2026-08-26T06:37:00.000000Z",
        "provinsi": null,
        "kabkota": "Sanggau",
        "desa": "Noyan",
        "hs_id": "2026-08-26T06:37:00.000000Z",
        "provinsi_id": 11,
        "long": 110.64642,
        "ori_sumber": null,
        "desa_id": null,
        "counter": 1,
        "confidence_level": "medium",
        "kawasan": "",
        "kecamatan": "Noyan",
        "nama_provinsi": "Kalimantan Barat",
        "pulau": "",
        "route_create": "https://opsroom.sipongidata.my.id/daops/laporan/groundcheck/create/form",
        "hotspot_date": "2026-08-26",
        "distance_hgu_km": 0.0,
        "zone": "Inside HGU",
        "location_status": "INSIDE HGU"
      }
    },
    {
      "type": "Feature",
      "geometry": {
        "type": "Point",
        "coordinates": [
          110.70866,
          0.80041
        ]
      },
      "properties": {
        "confidence": "medium",
        "confidence_value": null,
        "sumber": "NASA-SNPP",
        "date_hotspot": "Minggu, 06 September 2026 00:30:00",
        "date_hotspot_ori": "2026-09-05T17:30:00.000000Z",
        "provinsi": null,
        "kabkota": "Sanggau",
        "desa": "Melenggang",
        "hs_id": "2026-09-05T17:30:00.000000Z",
        "provinsi_id": 11,
        "long": 110.70866,
        "ori_sumber": null,
        "desa_id": null,
        "counter": 1,
        "confidence_level": "medium",
        "kawasan": "",
        "kecamatan": "Sekayam",
        "nama_provinsi": "Kalimantan Barat",
        "pulau": "",
        "route_create": "https://opsroom.sipongidata.my.id/daops/laporan/groundcheck/create/form",
        "hotspot_date": "2026-09-06",
        "distance_hgu_km": 0.0,
        "zone": "Inside HGU",
        "location_status": "INSIDE HGU"
      }
    },
    {
      "type": "Feature",
      "geometry": {
        "type": "Point",
        "coordinates": [
          110.65434,
          0.81484
        ]
      },
      "properties": {
        "confidence": "medium",
        "confidence_value": null,
        "sumber": "NASA-NOAA20",
        "date_hotspot": "Sabtu, 29 Agustus 2026 12:40:00",
        "date_hotspot_ori": "2026-08-29T05:40:00.000000Z",
        "provinsi": null,
        "kabkota": "Sanggau",
        "desa": "Noyan",
        "hs_id": "2026-08-29T05:40:00.000000Z",
        "provinsi_id": 11,
        "long": 110.65434,
        "ori_sumber": null,
        "desa_id": null,
        "counter": 1,
        "confidence_level": "medium",
        "kawasan": "",
        "kecamatan": "Noyan",
        "nama_provinsi": "Kalimantan Barat",
        "pulau": "",
        "route_create": "https://opsroom.sipongidata.my.id/daops/laporan/groundcheck/create/form",
        "hotspot_date": "2026-08-29",
        "distance_hgu_km": 0.0,
        "zone": "Inside HGU",
        "location_status": "INSIDE HGU"
      }
    },
    {
      "type": "Feature",
      "geometry": {
        "type": "Point",
        "coordinates": [
          110.73454,
          0.88495
        ]
      },
      "properties": {
        "confidence": "medium",
        "confidence_value": null,
        "sumber": "NASA-NOAA20",
        "date_hotspot": "Minggu, 30 Agustus 2026 01:19:00",
        "date_hotspot_ori": "2026-08-29T18:19:00.000000Z",
        "provinsi": null,
        "kabkota": "Sanggau",
        "desa": "Sangai Tekam",
        "hs_id": "2026-08-29T18:19:00.000000Z",
        "provinsi_id": 11,
        "long": 110.73454,
        "ori_sumber": null,
        "desa_id": null,
        "counter": 1,
        "confidence_level": "medium",
        "kawasan": "",
        "kecamatan": "Sekayam",
        "nama_provinsi": "Kalimantan Barat",
        "pulau": "",
        "route_create": "https://opsroom.sipongidata.my.id/daops/laporan/groundcheck/create/form",
        "hotspot_date": "2026-08-30",
        "distance_hgu_km": 4.332,
        "zone": "3–5 km",
        "location_status": "OUTSIDE HGU"
      }
    },
    {
      "type": "Feature",
      "geometry": {
        "type": "Point",
        "coordinates": [
          110.73766,
          0.83936
        ]
      },
      "properties": {
        "confidence": "medium",
        "confidence_value": null,
        "sumber": "NASA-NOAA20",
        "date_hotspot": "Minggu, 30 Agustus 2026 01:19:00",
        "date_hotspot_ori": "2026-08-29T18:19:00.000000Z",
        "provinsi": null,
        "kabkota": "Sanggau",
        "desa": "Sangai Tekam",
        "hs_id": "2026-08-29T18:19:00.000000Z",
        "provinsi_id": 11,
        "long": 110.73766,
        "ori_sumber": null,
        "desa_id": null,
        "counter": 1,
        "confidence_level": "medium",
        "kawasan": "",
        "kecamatan": "Sekayam",
        "nama_provinsi": "Kalimantan Barat",
        "pulau": "",
        "route_create": "https://opsroom.sipongidata.my.id/daops/laporan/groundcheck/create/form",
        "hotspot_date": "2026-08-30",
        "distance_hgu_km": 1.978,
        "zone": "1–3 km",
        "location_status": "OUTSIDE HGU"
      }
    },
    {
      "type": "Feature",
      "geometry": {
        "type": "Point",
        "coordinates": [
          110.71057,
          0.79898
        ]
      },
      "properties": {
        "confidence": "medium",
        "confidence_value": null,
        "sumber": "NASA-SNPP",
        "date_hotspot": "Minggu, 30 Agustus 2026 01:02:00",
        "date_hotspot_ori": "2026-08-29T18:02:00.000000Z",
        "provinsi": null,
        "kabkota": "Sanggau",
        "desa": "Melenggang",
        "hs_id": "2026-08-29T18:02:00.000000Z",
        "provinsi_id": 11,
        "long": 110.71057,
        "ori_sumber": null,
        "desa_id": null,
        "counter": 1,
        "confidence_level": "medium",
        "kawasan": "",
        "kecamatan": "Sekayam",
        "nama_provinsi": "Kalimantan Barat",
        "pulau": "",
        "route_create": "https://opsroom.sipongidata.my.id/daops/laporan/groundcheck/create/form",
        "hotspot_date": "2026-08-30",
        "distance_hgu_km": 0.055,
        "zone": "0–1 km",
        "location_status": "OUTSIDE HGU"
      }
    },
    {
      "type": "Feature",
      "geometry": {
        "type": "Point",
        "coordinates": [
          110.7359,
          0.88606
        ]
      },
      "properties": {
        "confidence": "medium",
        "confidence_value": null,
        "sumber": "NASA-NOAA20",
        "date_hotspot": "Senin, 31 Agustus 2026 01:02:00",
        "date_hotspot_ori": "2026-08-30T18:02:00.000000Z",
        "provinsi": null,
        "kabkota": "Sanggau",
        "desa": "Sangai Tekam",
        "hs_id": "2026-08-30T18:02:00.000000Z",
        "provinsi_id": 11,
        "long": 110.7359,
        "ori_sumber": null,
        "desa_id": null,
        "counter": 2,
        "confidence_level": "medium",
        "kawasan": "",
        "kecamatan": "Sekayam",
        "nama_provinsi": "Kalimantan Barat",
        "pulau": "",
        "route_create": "https://opsroom.sipongidata.my.id/daops/laporan/groundcheck/create/form",
        "hotspot_date": "2026-08-31",
        "distance_hgu_km": 4.504,
        "zone": "3–5 km",
        "location_status": "OUTSIDE HGU"
      }
    },
    {
      "type": "Feature",
      "geometry": {
        "type": "Point",
        "coordinates": [
          110.73765,
          0.88595
        ]
      },
      "properties": {
        "confidence": "medium",
        "confidence_value": null,
        "sumber": "NASA-SNPP",
        "date_hotspot": "Senin, 31 Agustus 2026 13:22:00",
        "date_hotspot_ori": "2026-08-31T06:22:00.000000Z",
        "provinsi": null,
        "kabkota": "Sanggau",
        "desa": "Sangai Tekam",
        "hs_id": "2026-08-31T06:22:00.000000Z",
        "provinsi_id": 11,
        "long": 110.73765,
        "ori_sumber": null,
        "desa_id": null,
        "counter": 2,
        "confidence_level": "medium",
        "kawasan": "",
        "kecamatan": "Sekayam",
        "nama_provinsi": "Kalimantan Barat",
        "pulau": "",
        "route_create": "https://opsroom.sipongidata.my.id/daops/laporan/groundcheck/create/form",
        "hotspot_date": "2026-08-31",
        "distance_hgu_km": 4.573,
        "zone": "3–5 km",
        "location_status": "OUTSIDE HGU"
      }
    },
    {
      "type": "Feature",
      "geometry": {
        "type": "Point",
        "coordinates": [
          110.66799,
          0.83065
        ]
      },
      "properties": {
        "confidence": "medium",
        "confidence_value": null,
        "sumber": "NASA-NOAA20",
        "date_hotspot": "Sabtu, 15 Agustus 2026 13:44:00",
        "date_hotspot_ori": "2026-08-15T06:44:00.000000Z",
        "provinsi": null,
        "kabkota": "Sanggau",
        "desa": "Sangai Tekam",
        "hs_id": "2026-08-15T06:44:00.000000Z",
        "provinsi_id": 11,
        "long": 110.66799,
        "ori_sumber": null,
        "desa_id": null,
        "counter": 1,
        "confidence_level": "medium",
        "kawasan": "",
        "kecamatan": "Sekayam",
        "nama_provinsi": "Kalimantan Barat",
        "pulau": "",
        "route_create": "https://opsroom.sipongidata.my.id/daops/laporan/groundcheck/create/form",
        "hotspot_date": "2026-08-15",
        "distance_hgu_km": 0.0,
        "zone": "Inside HGU",
        "location_status": "INSIDE HGU"
      }
    },
    {
      "type": "Feature",
      "geometry": {
        "type": "Point",
        "coordinates": [
          110.67131,
          0.81747
        ]
      },
      "properties": {
        "confidence": "medium",
        "confidence_value": null,
        "sumber": "NASA-SNPP",
        "date_hotspot": "Senin, 17 Agustus 2026 12:46:00",
        "date_hotspot_ori": "2026-08-17T05:46:00.000000Z",
        "provinsi": null,
        "kabkota": "Sanggau",
        "desa": "Sangai Tekam",
        "hs_id": "2026-08-17T05:46:00.000000Z",
        "provinsi_id": 11,
        "long": 110.67131,
        "ori_sumber": null,
        "desa_id": null,
        "counter": 1,
        "confidence_level": "medium",
        "kawasan": "",
        "kecamatan": "Sekayam",
        "nama_provinsi": "Kalimantan Barat",
        "pulau": "",
        "route_create": "https://opsroom.sipongidata.my.id/daops/laporan/groundcheck/create/form",
        "hotspot_date": "2026-08-17",
        "distance_hgu_km": 0.0,
        "zone": "Inside HGU",
        "location_status": "INSIDE HGU"
      }
    },
    {
      "type": "Feature",
      "geometry": {
        "type": "Point",
        "coordinates": [
          110.7093,
          0.89282
        ]
      },
      "properties": {
        "confidence": "medium",
        "confidence_value": null,
        "sumber": "NASA-NOAA20",
        "date_hotspot": "Jumat, 21 Agustus 2026 13:29:00",
        "date_hotspot_ori": "2026-08-21T06:29:00.000000Z",
        "provinsi": null,
        "kabkota": "Sanggau",
        "desa": "Sangai Tekam",
        "hs_id": "2026-08-21T06:29:00.000000Z",
        "provinsi_id": 11,
        "long": 110.7093,
        "ori_sumber": null,
        "desa_id": null,
        "counter": 1,
        "confidence_level": "medium",
        "kawasan": "",
        "kecamatan": "Sekayam",
        "nama_provinsi": "Kalimantan Barat",
        "pulau": "",
        "route_create": "https://opsroom.sipongidata.my.id/daops/laporan/groundcheck/create/form",
        "hotspot_date": "2026-08-21",
        "distance_hgu_km": 4.898,
        "zone": "3–5 km",
        "location_status": "OUTSIDE HGU"
      }
    },
    {
      "type": "Feature",
      "geometry": {
        "type": "Point",
        "coordinates": [
          110.72437,
          0.8712
        ]
      },
      "properties": {
        "confidence": "medium",
        "confidence_value": null,
        "sumber": "NASA-NOAA20",
        "date_hotspot": "Jumat, 21 Agustus 2026 13:29:00",
        "date_hotspot_ori": "2026-08-21T06:29:00.000000Z",
        "provinsi": null,
        "kabkota": "Sanggau",
        "desa": "Sangai Tekam",
        "hs_id": "2026-08-21T06:29:00.000000Z",
        "provinsi_id": 11,
        "long": 110.72437,
        "ori_sumber": null,
        "desa_id": null,
        "counter": 1,
        "confidence_level": "medium",
        "kawasan": "",
        "kecamatan": "Sekayam",
        "nama_provinsi": "Kalimantan Barat",
        "pulau": "",
        "route_create": "https://opsroom.sipongidata.my.id/daops/laporan/groundcheck/create/form",
        "hotspot_date": "2026-08-21",
        "distance_hgu_km": 2.544,
        "zone": "1–3 km",
        "location_status": "OUTSIDE HGU"
      }
    },
    {
      "type": "Feature",
      "geometry": {
        "type": "Point",
        "coordinates": [
          110.61535,
          0.76385
        ]
      },
      "properties": {
        "confidence": "medium",
        "confidence_value": null,
        "sumber": "NASA-NOAA20",
        "date_hotspot": "Sabtu, 22 Agustus 2026 13:12:00",
        "date_hotspot_ori": "2026-08-22T06:12:00.000000Z",
        "provinsi": null,
        "kabkota": "Sanggau",
        "desa": "Noyan",
        "hs_id": "2026-08-22T06:12:00.000000Z",
        "provinsi_id": 11,
        "long": 110.61535,
        "ori_sumber": null,
        "desa_id": null,
        "counter": 1,
        "confidence_level": "medium",
        "kawasan": "",
        "kecamatan": "Noyan",
        "nama_provinsi": "Kalimantan Barat",
        "pulau": "",
        "route_create": "https://opsroom.sipongidata.my.id/daops/laporan/groundcheck/create/form",
        "hotspot_date": "2026-08-22",
        "distance_hgu_km": 2.919,
        "zone": "1–3 km",
        "location_status": "OUTSIDE HGU"
      }
    },
    {
      "type": "Feature",
      "geometry": {
        "type": "Point",
        "coordinates": [
          110.71698,
          0.79299
        ]
      },
      "properties": {
        "confidence": "medium",
        "confidence_value": null,
        "sumber": "NASA-NOAA20",
        "date_hotspot": "Senin, 24 Agustus 2026 12:33:00",
        "date_hotspot_ori": "2026-08-24T05:33:00.000000Z",
        "provinsi": null,
        "kabkota": "Sanggau",
        "desa": "Melenggang",
        "hs_id": "2026-08-24T05:33:00.000000Z",
        "provinsi_id": 11,
        "long": 110.71698,
        "ori_sumber": null,
        "desa_id": null,
        "counter": 1,
        "confidence_level": "medium",
        "kawasan": "",
        "kecamatan": "Sekayam",
        "nama_provinsi": "Kalimantan Barat",
        "pulau": "",
        "route_create": "https://opsroom.sipongidata.my.id/daops/laporan/groundcheck/create/form",
        "hotspot_date": "2026-08-24",
        "distance_hgu_km": 0.688,
        "zone": "0–1 km",
        "location_status": "OUTSIDE HGU"
      }
    },
    {
      "type": "Feature",
      "geometry": {
        "type": "Point",
        "coordinates": [
          110.64191,
          0.822
        ]
      },
      "properties": {
        "confidence": "medium",
        "confidence_value": null,
        "sumber": "NASA-NOAA20",
        "date_hotspot": "Senin, 24 Agustus 2026 12:33:00",
        "date_hotspot_ori": "2026-08-24T05:33:00.000000Z",
        "provinsi": null,
        "kabkota": "Sanggau",
        "desa": "Noyan",
        "hs_id": "2026-08-24T05:33:00.000000Z",
        "provinsi_id": 11,
        "long": 110.64191,
        "ori_sumber": null,
        "desa_id": null,
        "counter": 1,
        "confidence_level": "medium",
        "kawasan": "",
        "kecamatan": "Noyan",
        "nama_provinsi": "Kalimantan Barat",
        "pulau": "",
        "route_create": "https://opsroom.sipongidata.my.id/daops/laporan/groundcheck/create/form",
        "hotspot_date": "2026-08-24",
        "distance_hgu_km": 0.0,
        "zone": "Inside HGU",
        "location_status": "INSIDE HGU"
      }
    },
    {
      "type": "Feature",
      "geometry": {
        "type": "Point",
        "coordinates": [
          110.66687,
          0.811
        ]
      },
      "properties": {
        "confidence": "medium",
        "confidence_value": null,
        "sumber": "NASA-SNPP",
        "date_hotspot": "Kamis, 27 Agustus 2026 12:57:00",
        "date_hotspot_ori": "2026-08-27T05:57:00.000000Z",
        "provinsi": null,
        "kabkota": "Sanggau",
        "desa": "Noyan",
        "hs_id": "2026-08-27T05:57:00.000000Z",
        "provinsi_id": 11,
        "long": 110.66687,
        "ori_sumber": null,
        "desa_id": null,
        "counter": 1,
        "confidence_level": "medium",
        "kawasan": "",
        "kecamatan": "Noyan",
        "nama_provinsi": "Kalimantan Barat",
        "pulau": "",
        "route_create": "https://opsroom.sipongidata.my.id/daops/laporan/groundcheck/create/form",
        "hotspot_date": "2026-08-27",
        "distance_hgu_km": 0.0,
        "zone": "Inside HGU",
        "location_status": "INSIDE HGU"
      }
    },
    {
      "type": "Feature",
      "geometry": {
        "type": "Point",
        "coordinates": [
          110.68073,
          0.8694
        ]
      },
      "properties": {
        "confidence": "medium",
        "confidence_value": null,
        "sumber": "NASA-SNPP",
        "date_hotspot": "Kamis, 20 Agustus 2026 13:29:00",
        "date_hotspot_ori": "2026-08-20T06:29:00.000000Z",
        "provinsi": null,
        "kabkota": "Sanggau",
        "desa": "Sangai Tekam",
        "hs_id": "2026-08-20T06:29:00.000000Z",
        "provinsi_id": 11,
        "long": 110.68073,
        "ori_sumber": null,
        "desa_id": null,
        "counter": 1,
        "confidence_level": "medium",
        "kawasan": "",
        "kecamatan": "Sekayam",
        "nama_provinsi": "Kalimantan Barat",
        "pulau": "",
        "route_create": "https://opsroom.sipongidata.my.id/daops/laporan/groundcheck/create/form",
        "hotspot_date": "2026-08-20",
        "distance_hgu_km": 2.748,
        "zone": "1–3 km",
        "location_status": "OUTSIDE HGU"
      }
    },
    {
      "type": "Feature",
      "geometry": {
        "type": "Point",
        "coordinates": [
          110.62863,
          0.80947
        ]
      },
      "properties": {
        "confidence": "medium",
        "confidence_value": null,
        "sumber": "NASA-SNPP",
        "date_hotspot": "Kamis, 20 Agustus 2026 13:29:00",
        "date_hotspot_ori": "2026-08-20T06:29:00.000000Z",
        "provinsi": null,
        "kabkota": "Sanggau",
        "desa": "Noyan",
        "hs_id": "2026-08-20T06:29:00.000000Z",
        "provinsi_id": 11,
        "long": 110.62863,
        "ori_sumber": null,
        "desa_id": null,
        "counter": 1,
        "confidence_level": "medium",
        "kawasan": "",
        "kecamatan": "Noyan",
        "nama_provinsi": "Kalimantan Barat",
        "pulau": "",
        "route_create": "https://opsroom.sipongidata.my.id/daops/laporan/groundcheck/create/form",
        "hotspot_date": "2026-08-20",
        "distance_hgu_km": 0.863,
        "zone": "0–1 km",
        "location_status": "OUTSIDE HGU"
      }
    },
    {
      "type": "Feature",
      "geometry": {
        "type": "Point",
        "coordinates": [
          110.6748,
          0.86494
        ]
      },
      "properties": {
        "confidence": "medium",
        "confidence_value": null,
        "sumber": "NASA-SNPP",
        "date_hotspot": "Jumat, 14 Agustus 2026 13:42:00",
        "date_hotspot_ori": "2026-08-14T06:42:00.000000Z",
        "provinsi": null,
        "kabkota": "Sanggau",
        "desa": "Sangai Tekam",
        "hs_id": "2026-08-14T06:42:00.000000Z",
        "provinsi_id": 11,
        "long": 110.6748,
        "ori_sumber": null,
        "desa_id": null,
        "counter": 1,
        "confidence_level": "medium",
        "kawasan": "",
        "kecamatan": "Sekayam",
        "nama_provinsi": "Kalimantan Barat",
        "pulau": "",
        "route_create": "https://opsroom.sipongidata.my.id/daops/laporan/groundcheck/create/form",
        "hotspot_date": "2026-08-14",
        "distance_hgu_km": 2.567,
        "zone": "1–3 km",
        "location_status": "OUTSIDE HGU"
      }
    },
    {
      "type": "Feature",
      "geometry": {
        "type": "Point",
        "coordinates": [
          110.64944,
          0.8122
        ]
      },
      "properties": {
        "confidence": "medium",
        "confidence_value": null,
        "sumber": "NASA-NOAA20",
        "date_hotspot": "Jumat, 14 Agustus 2026 12:23:00",
        "date_hotspot_ori": "2026-08-14T05:23:00.000000Z",
        "provinsi": null,
        "kabkota": "Sanggau",
        "desa": "Noyan",
        "hs_id": "2026-08-14T05:23:00.000000Z",
        "provinsi_id": 11,
        "long": 110.64944,
        "ori_sumber": null,
        "desa_id": null,
        "counter": 1,
        "confidence_level": "medium",
        "kawasan": "",
        "kecamatan": "Noyan",
        "nama_provinsi": "Kalimantan Barat",
        "pulau": "",
        "route_create": "https://opsroom.sipongidata.my.id/daops/laporan/groundcheck/create/form",
        "hotspot_date": "2026-08-14",
        "distance_hgu_km": 0.0,
        "zone": "Inside HGU",
        "location_status": "INSIDE HGU"
      }
    },
    {
      "type": "Feature",
      "geometry": {
        "type": "Point",
        "coordinates": [
          110.64455,
          0.81141
        ]
      },
      "properties": {
        "confidence": "medium",
        "confidence_value": null,
        "sumber": "NASA-NOAA20",
        "date_hotspot": "Jumat, 14 Agustus 2026 12:23:00",
        "date_hotspot_ori": "2026-08-14T05:23:00.000000Z",
        "provinsi": null,
        "kabkota": "Sanggau",
        "desa": "Noyan",
        "hs_id": "2026-08-14T05:23:00.000000Z",
        "provinsi_id": 11,
        "long": 110.64455,
        "ori_sumber": null,
        "desa_id": null,
        "counter": 1,
        "confidence_level": "medium",
        "kawasan": "",
        "kecamatan": "Noyan",
        "nama_provinsi": "Kalimantan Barat",
        "pulau": "",
        "route_create": "https://opsroom.sipongidata.my.id/daops/laporan/groundcheck/create/form",
        "hotspot_date": "2026-08-14",
        "distance_hgu_km": 0.0,
        "zone": "Inside HGU",
        "location_status": "INSIDE HGU"
      }
    },
    {
      "type": "Feature",
      "geometry": {
        "type": "Point",
        "coordinates": [
          110.63642,
          0.8292
        ]
      },
      "properties": {
        "confidence": "medium",
        "confidence_value": null,
        "sumber": "NASA-NOAA20",
        "date_hotspot": "Jumat, 14 Agustus 2026 12:23:00",
        "date_hotspot_ori": "2026-08-14T05:23:00.000000Z",
        "provinsi": null,
        "kabkota": "Sanggau",
        "desa": "Sangai Tekam",
        "hs_id": "2026-08-14T05:23:00.000000Z",
        "provinsi_id": 11,
        "long": 110.63642,
        "ori_sumber": null,
        "desa_id": null,
        "counter": 1,
        "confidence_level": "medium",
        "kawasan": "",
        "kecamatan": "Sekayam",
        "nama_provinsi": "Kalimantan Barat",
        "pulau": "",
        "route_create": "https://opsroom.sipongidata.my.id/daops/laporan/groundcheck/create/form",
        "hotspot_date": "2026-08-14",
        "distance_hgu_km": 0.176,
        "zone": "0–1 km",
        "location_status": "OUTSIDE HGU"
      }
    },
    {
      "type": "Feature",
      "geometry": {
        "type": "Point",
        "coordinates": [
          110.65038,
          0.81757
        ]
      },
      "properties": {
        "confidence": "medium",
        "confidence_value": null,
        "sumber": "NASA-SNPP",
        "date_hotspot": "Sabtu, 29 Agustus 2026 12:23:00",
        "date_hotspot_ori": "2026-08-29T05:23:00.000000Z",
        "provinsi": null,
        "kabkota": "Sanggau",
        "desa": "Noyan",
        "hs_id": "2026-08-29T05:23:00.000000Z",
        "provinsi_id": 11,
        "long": 110.65038,
        "ori_sumber": null,
        "desa_id": null,
        "counter": 1,
        "confidence_level": "medium",
        "kawasan": "",
        "kecamatan": "Noyan",
        "nama_provinsi": "Kalimantan Barat",
        "pulau": "",
        "route_create": "https://opsroom.sipongidata.my.id/daops/laporan/groundcheck/create/form",
        "hotspot_date": "2026-08-29",
        "distance_hgu_km": 0.0,
        "zone": "Inside HGU",
        "location_status": "INSIDE HGU"
      }
    },
    {
      "type": "Feature",
      "geometry": {
        "type": "Point",
        "coordinates": [
          110.73409,
          0.8813
        ]
      },
      "properties": {
        "confidence": "medium",
        "confidence_value": null,
        "sumber": "NASA-NOAA20",
        "date_hotspot": "Minggu, 30 Agustus 2026 01:19:00",
        "date_hotspot_ori": "2026-08-29T18:19:00.000000Z",
        "provinsi": null,
        "kabkota": "Sanggau",
        "desa": "Sangai Tekam",
        "hs_id": "2026-08-29T18:19:00.000000Z",
        "provinsi_id": 11,
        "long": 110.73409,
        "ori_sumber": null,
        "desa_id": null,
        "counter": 1,
        "confidence_level": "medium",
        "kawasan": "",
        "kecamatan": "Sekayam",
        "nama_provinsi": "Kalimantan Barat",
        "pulau": "",
        "route_create": "https://opsroom.sipongidata.my.id/daops/laporan/groundcheck/create/form",
        "hotspot_date": "2026-08-30",
        "distance_hgu_km": 3.941,
        "zone": "3–5 km",
        "location_status": "OUTSIDE HGU"
      }
    },
    {
      "type": "Feature",
      "geometry": {
        "type": "Point",
        "coordinates": [
          110.73516,
          0.88451
        ]
      },
      "properties": {
        "confidence": "medium",
        "confidence_value": null,
        "sumber": "NASA-SNPP",
        "date_hotspot": "Minggu, 30 Agustus 2026 01:02:00",
        "date_hotspot_ori": "2026-08-29T18:02:00.000000Z",
        "provinsi": null,
        "kabkota": "Sanggau",
        "desa": "Sangai Tekam",
        "hs_id": "2026-08-29T18:02:00.000000Z",
        "provinsi_id": 11,
        "long": 110.73516,
        "ori_sumber": null,
        "desa_id": null,
        "counter": 1,
        "confidence_level": "medium",
        "kawasan": "",
        "kecamatan": "Sekayam",
        "nama_provinsi": "Kalimantan Barat",
        "pulau": "",
        "route_create": "https://opsroom.sipongidata.my.id/daops/laporan/groundcheck/create/form",
        "hotspot_date": "2026-08-30",
        "distance_hgu_km": 4.314,
        "zone": "3–5 km",
        "location_status": "OUTSIDE HGU"
      }
    },
    {
      "type": "Feature",
      "geometry": {
        "type": "Point",
        "coordinates": [
          110.73933,
          0.83887
        ]
      },
      "properties": {
        "confidence": "medium",
        "confidence_value": null,
        "sumber": "NASA-NOAA20",
        "date_hotspot": "Senin, 31 Agustus 2026 01:02:00",
        "date_hotspot_ori": "2026-08-30T18:02:00.000000Z",
        "provinsi": null,
        "kabkota": "Sanggau",
        "desa": "Sangai Tekam",
        "hs_id": "2026-08-30T18:02:00.000000Z",
        "provinsi_id": 11,
        "long": 110.73933,
        "ori_sumber": null,
        "desa_id": null,
        "counter": 2,
        "confidence_level": "medium",
        "kawasan": "",
        "kecamatan": "Sekayam",
        "nama_provinsi": "Kalimantan Barat",
        "pulau": "",
        "route_create": "https://opsroom.sipongidata.my.id/daops/laporan/groundcheck/create/form",
        "hotspot_date": "2026-08-31",
        "distance_hgu_km": 2.164,
        "zone": "1–3 km",
        "location_status": "OUTSIDE HGU"
      }
    },
    {
      "type": "Feature",
      "geometry": {
        "type": "Point",
        "coordinates": [
          110.73277,
          0.88352
        ]
      },
      "properties": {
        "confidence": "medium",
        "confidence_value": null,
        "sumber": "NASA-SNPP",
        "date_hotspot": "Selasa, 01 September 2026 00:24:00",
        "date_hotspot_ori": "2026-08-31T17:24:00.000000Z",
        "provinsi": null,
        "kabkota": "Sanggau",
        "desa": "Sangai Tekam",
        "hs_id": "2026-08-31T17:24:00.000000Z",
        "provinsi_id": 11,
        "long": 110.73277,
        "ori_sumber": null,
        "desa_id": null,
        "counter": 3,
        "confidence_level": "medium",
        "kawasan": "",
        "kecamatan": "Sekayam",
        "nama_provinsi": "Kalimantan Barat",
        "pulau": "",
        "route_create": "https://opsroom.sipongidata.my.id/daops/laporan/groundcheck/create/form",
        "hotspot_date": "2026-09-01",
        "distance_hgu_km": 4.114,
        "zone": "3–5 km",
        "location_status": "OUTSIDE HGU"
      }
    },
    {
      "type": "Feature",
      "geometry": {
        "type": "Point",
        "coordinates": [
          110.67055,
          0.82201
        ]
      },
      "properties": {
        "confidence": "medium",
        "confidence_value": null,
        "sumber": "NASA-SNPP",
        "date_hotspot": "Senin, 17 Agustus 2026 12:46:00",
        "date_hotspot_ori": "2026-08-17T05:46:00.000000Z",
        "provinsi": null,
        "kabkota": "Sanggau",
        "desa": "Sangai Tekam",
        "hs_id": "2026-08-17T05:46:00.000000Z",
        "provinsi_id": 11,
        "long": 110.67055,
        "ori_sumber": null,
        "desa_id": null,
        "counter": 1,
        "confidence_level": "medium",
        "kawasan": "",
        "kecamatan": "Sekayam",
        "nama_provinsi": "Kalimantan Barat",
        "pulau": "",
        "route_create": "https://opsroom.sipongidata.my.id/daops/laporan/groundcheck/create/form",
        "hotspot_date": "2026-08-17",
        "distance_hgu_km": 0.0,
        "zone": "Inside HGU",
        "location_status": "INSIDE HGU"
      }
    },
    {
      "type": "Feature",
      "geometry": {
        "type": "Point",
        "coordinates": [
          110.67895,
          0.7802
        ]
      },
      "properties": {
        "confidence": "medium",
        "confidence_value": null,
        "sumber": "NASA-NOAA20",
        "date_hotspot": "Jumat, 21 Agustus 2026 13:29:00",
        "date_hotspot_ori": "2026-08-21T06:29:00.000000Z",
        "provinsi": null,
        "kabkota": "Sanggau",
        "desa": "Melenggang",
        "hs_id": "2026-08-21T06:29:00.000000Z",
        "provinsi_id": 11,
        "long": 110.67895,
        "ori_sumber": null,
        "desa_id": null,
        "counter": 1,
        "confidence_level": "medium",
        "kawasan": "",
        "kecamatan": "Sekayam",
        "nama_provinsi": "Kalimantan Barat",
        "pulau": "",
        "route_create": "https://opsroom.sipongidata.my.id/daops/laporan/groundcheck/create/form",
        "hotspot_date": "2026-08-21",
        "distance_hgu_km": 0.829,
        "zone": "0–1 km",
        "location_status": "OUTSIDE HGU"
      }
    },
    {
      "type": "Feature",
      "geometry": {
        "type": "Point",
        "coordinates": [
          110.67908,
          0.78297
        ]
      },
      "properties": {
        "confidence": "medium",
        "confidence_value": null,
        "sumber": "NASA-SNPP",
        "date_hotspot": "Jumat, 21 Agustus 2026 13:12:00",
        "date_hotspot_ori": "2026-08-21T06:12:00.000000Z",
        "provinsi": null,
        "kabkota": "Sanggau",
        "desa": "Melenggang",
        "hs_id": "2026-08-21T06:12:00.000000Z",
        "provinsi_id": 11,
        "long": 110.67908,
        "ori_sumber": null,
        "desa_id": null,
        "counter": 1,
        "confidence_level": "medium",
        "kawasan": "",
        "kecamatan": "Sekayam",
        "nama_provinsi": "Kalimantan Barat",
        "pulau": "",
        "route_create": "https://opsroom.sipongidata.my.id/daops/laporan/groundcheck/create/form",
        "hotspot_date": "2026-08-21",
        "distance_hgu_km": 0.523,
        "zone": "0–1 km",
        "location_status": "OUTSIDE HGU"
      }
    },
    {
      "type": "Feature",
      "geometry": {
        "type": "Point",
        "coordinates": [
          110.73935,
          0.73474
        ]
      },
      "properties": {
        "confidence": "medium",
        "confidence_value": null,
        "sumber": "NASA-NOAA20",
        "date_hotspot": "Sabtu, 22 Agustus 2026 13:12:00",
        "date_hotspot_ori": "2026-08-22T06:12:00.000000Z",
        "provinsi": null,
        "kabkota": "Sanggau",
        "desa": "Melenggang",
        "hs_id": "2026-08-22T06:12:00.000000Z",
        "provinsi_id": 11,
        "long": 110.73935,
        "ori_sumber": null,
        "desa_id": null,
        "counter": 2,
        "confidence_level": "medium",
        "kawasan": "",
        "kecamatan": "Sekayam",
        "nama_provinsi": "Kalimantan Barat",
        "pulau": "",
        "route_create": "https://opsroom.sipongidata.my.id/daops/laporan/groundcheck/create/form",
        "hotspot_date": "2026-08-22",
        "distance_hgu_km": 4.783,
        "zone": "3–5 km",
        "location_status": "OUTSIDE HGU"
      }
    },
    {
      "type": "Feature",
      "geometry": {
        "type": "Point",
        "coordinates": [
          110.71268,
          0.78664
        ]
      },
      "properties": {
        "confidence": "medium",
        "confidence_value": null,
        "sumber": "NASA-SNPP",
        "date_hotspot": "Rabu, 26 Agustus 2026 13:18:00",
        "date_hotspot_ori": "2026-08-26T06:18:00.000000Z",
        "provinsi": null,
        "kabkota": "Sanggau",
        "desa": "Melenggang",
        "hs_id": "2026-08-26T06:18:00.000000Z",
        "provinsi_id": 11,
        "long": 110.71268,
        "ori_sumber": null,
        "desa_id": null,
        "counter": 1,
        "confidence_level": "medium",
        "kawasan": "",
        "kecamatan": "Sekayam",
        "nama_provinsi": "Kalimantan Barat",
        "pulau": "",
        "route_create": "https://opsroom.sipongidata.my.id/daops/laporan/groundcheck/create/form",
        "hotspot_date": "2026-08-26",
        "distance_hgu_km": 0.436,
        "zone": "0–1 km",
        "location_status": "OUTSIDE HGU"
      }
    },
    {
      "type": "Feature",
      "geometry": {
        "type": "Point",
        "coordinates": [
          110.62917,
          0.80558
        ]
      },
      "properties": {
        "confidence": "medium",
        "confidence_value": null,
        "sumber": "NASA-SNPP",
        "date_hotspot": "Kamis, 20 Agustus 2026 13:29:00",
        "date_hotspot_ori": "2026-08-20T06:29:00.000000Z",
        "provinsi": null,
        "kabkota": "Sanggau",
        "desa": "Noyan",
        "hs_id": "2026-08-20T06:29:00.000000Z",
        "provinsi_id": 11,
        "long": 110.62917,
        "ori_sumber": null,
        "desa_id": null,
        "counter": 1,
        "confidence_level": "medium",
        "kawasan": "",
        "kecamatan": "Noyan",
        "nama_provinsi": "Kalimantan Barat",
        "pulau": "",
        "route_create": "https://opsroom.sipongidata.my.id/daops/laporan/groundcheck/create/form",
        "hotspot_date": "2026-08-20",
        "distance_hgu_km": 0.803,
        "zone": "0–1 km",
        "location_status": "OUTSIDE HGU"
      }
    },
    {
      "type": "Feature",
      "geometry": {
        "type": "Point",
        "coordinates": [
          110.74474,
          0.84481
        ]
      },
      "properties": {
        "confidence": "medium",
        "confidence_value": null,
        "sumber": "NASA-SNPP",
        "date_hotspot": "Sabtu, 15 Agustus 2026 13:22:00",
        "date_hotspot_ori": "2026-08-15T06:22:00.000000Z",
        "provinsi": null,
        "kabkota": "Sanggau",
        "desa": "Sangai Tekam",
        "hs_id": "2026-08-15T06:22:00.000000Z",
        "provinsi_id": 11,
        "long": 110.74474,
        "ori_sumber": null,
        "desa_id": null,
        "counter": 1,
        "confidence_level": "medium",
        "kawasan": "",
        "kecamatan": "Sekayam",
        "nama_provinsi": "Kalimantan Barat",
        "pulau": "",
        "route_create": "https://opsroom.sipongidata.my.id/daops/laporan/groundcheck/create/form",
        "hotspot_date": "2026-08-15",
        "distance_hgu_km": 2.763,
        "zone": "1–3 km",
        "location_status": "OUTSIDE HGU"
      }
    },
    {
      "type": "Feature",
      "geometry": {
        "type": "Point",
        "coordinates": [
          110.68118,
          0.83782
        ]
      },
      "properties": {
        "confidence": "medium",
        "confidence_value": null,
        "sumber": "NASA-SNPP",
        "date_hotspot": "Jumat, 11 September 2026 13:18:00",
        "date_hotspot_ori": "2026-09-11T06:18:00.000000Z",
        "provinsi": null,
        "kabkota": "Sanggau",
        "desa": "Sangai Tekam",
        "hs_id": "2026-09-11T06:18:00.000000Z",
        "provinsi_id": 11,
        "long": 110.68118,
        "ori_sumber": null,
        "desa_id": null,
        "counter": 1,
        "confidence_level": "medium",
        "kawasan": "",
        "kecamatan": "Sekayam",
        "nama_provinsi": "Kalimantan Barat",
        "pulau": "",
        "route_create": "https://opsroom.sipongidata.my.id/daops/laporan/groundcheck/create/form",
        "hotspot_date": "2026-09-11",
        "distance_hgu_km": 0.0,
        "zone": "Inside HGU",
        "location_status": "INSIDE HGU"
      }
    },
    {
      "type": "Feature",
      "geometry": {
        "type": "Point",
        "coordinates": [
          110.65498,
          0.81817
        ]
      },
      "properties": {
        "confidence": "medium",
        "confidence_value": null,
        "sumber": "NASA-SNPP",
        "date_hotspot": "Sabtu, 29 Agustus 2026 12:23:00",
        "date_hotspot_ori": "2026-08-29T05:23:00.000000Z",
        "provinsi": null,
        "kabkota": "Sanggau",
        "desa": "Noyan",
        "hs_id": "2026-08-29T05:23:00.000000Z",
        "provinsi_id": 11,
        "long": 110.65498,
        "ori_sumber": null,
        "desa_id": null,
        "counter": 1,
        "confidence_level": "medium",
        "kawasan": "",
        "kecamatan": "Noyan",
        "nama_provinsi": "Kalimantan Barat",
        "pulau": "",
        "route_create": "https://opsroom.sipongidata.my.id/daops/laporan/groundcheck/create/form",
        "hotspot_date": "2026-08-29",
        "distance_hgu_km": 0.0,
        "zone": "Inside HGU",
        "location_status": "INSIDE HGU"
      }
    },
    {
      "type": "Feature",
      "geometry": {
        "type": "Point",
        "coordinates": [
          110.7345,
          0.88091
        ]
      },
      "properties": {
        "confidence": "medium",
        "confidence_value": null,
        "sumber": "NASA-SNPP",
        "date_hotspot": "Minggu, 30 Agustus 2026 01:02:00",
        "date_hotspot_ori": "2026-08-29T18:02:00.000000Z",
        "provinsi": null,
        "kabkota": "Sanggau",
        "desa": "Sangai Tekam",
        "hs_id": "2026-08-29T18:02:00.000000Z",
        "provinsi_id": 11,
        "long": 110.7345,
        "ori_sumber": null,
        "desa_id": null,
        "counter": 1,
        "confidence_level": "medium",
        "kawasan": "",
        "kecamatan": "Sekayam",
        "nama_provinsi": "Kalimantan Barat",
        "pulau": "",
        "route_create": "https://opsroom.sipongidata.my.id/daops/laporan/groundcheck/create/form",
        "hotspot_date": "2026-08-30",
        "distance_hgu_km": 3.92,
        "zone": "3–5 km",
        "location_status": "OUTSIDE HGU"
      }
    },
    {
      "type": "Feature",
      "geometry": {
        "type": "Point",
        "coordinates": [
          110.73098,
          0.88517
        ]
      },
      "properties": {
        "confidence": "medium",
        "confidence_value": null,
        "sumber": "NASA-SNPP",
        "date_hotspot": "Minggu, 30 Agustus 2026 01:02:00",
        "date_hotspot_ori": "2026-08-29T18:02:00.000000Z",
        "provinsi": null,
        "kabkota": "Sanggau",
        "desa": "Sangai Tekam",
        "hs_id": "2026-08-29T18:02:00.000000Z",
        "provinsi_id": 11,
        "long": 110.73098,
        "ori_sumber": null,
        "desa_id": null,
        "counter": 1,
        "confidence_level": "medium",
        "kawasan": "",
        "kecamatan": "Sekayam",
        "nama_provinsi": "Kalimantan Barat",
        "pulau": "",
        "route_create": "https://opsroom.sipongidata.my.id/daops/laporan/groundcheck/create/form",
        "hotspot_date": "2026-08-30",
        "distance_hgu_km": 4.223,
        "zone": "3–5 km",
        "location_status": "OUTSIDE HGU"
      }
    },
    {
      "type": "Feature",
      "geometry": {
        "type": "Point",
        "coordinates": [
          110.73566,
          0.88815
        ]
      },
      "properties": {
        "confidence": "medium",
        "confidence_value": null,
        "sumber": "NASA-SNPP",
        "date_hotspot": "Senin, 31 Agustus 2026 00:43:00",
        "date_hotspot_ori": "2026-08-30T17:43:00.000000Z",
        "provinsi": null,
        "kabkota": "Sanggau",
        "desa": "Sangai Tekam",
        "hs_id": "2026-08-30T17:43:00.000000Z",
        "provinsi_id": 11,
        "long": 110.73566,
        "ori_sumber": null,
        "desa_id": null,
        "counter": 2,
        "confidence_level": "medium",
        "kawasan": "",
        "kecamatan": "Sekayam",
        "nama_provinsi": "Kalimantan Barat",
        "pulau": "",
        "route_create": "https://opsroom.sipongidata.my.id/daops/laporan/groundcheck/create/form",
        "hotspot_date": "2026-08-31",
        "distance_hgu_km": 4.707,
        "zone": "3–5 km",
        "location_status": "OUTSIDE HGU"
      }
    },
    {
      "type": "Feature",
      "geometry": {
        "type": "Point",
        "coordinates": [
          110.73455,
          0.88327
        ]
      },
      "properties": {
        "confidence": "medium",
        "confidence_value": null,
        "sumber": "NASA-SNPP",
        "date_hotspot": "Senin, 31 Agustus 2026 00:43:00",
        "date_hotspot_ori": "2026-08-30T17:43:00.000000Z",
        "provinsi": null,
        "kabkota": "Sanggau",
        "desa": "Sangai Tekam",
        "hs_id": "2026-08-30T17:43:00.000000Z",
        "provinsi_id": 11,
        "long": 110.73455,
        "ori_sumber": null,
        "desa_id": null,
        "counter": 2,
        "confidence_level": "medium",
        "kawasan": "",
        "kecamatan": "Sekayam",
        "nama_provinsi": "Kalimantan Barat",
        "pulau": "",
        "route_create": "https://opsroom.sipongidata.my.id/daops/laporan/groundcheck/create/form",
        "hotspot_date": "2026-08-31",
        "distance_hgu_km": 4.161,
        "zone": "3–5 km",
        "location_status": "OUTSIDE HGU"
      }
    },
    {
      "type": "Feature",
      "geometry": {
        "type": "Point",
        "coordinates": [
          110.73231,
          0.88662
        ]
      },
      "properties": {
        "confidence": "medium",
        "confidence_value": null,
        "sumber": "NASA-NOAA20",
        "date_hotspot": "Senin, 31 Agustus 2026 01:02:00",
        "date_hotspot_ori": "2026-08-30T18:02:00.000000Z",
        "provinsi": null,
        "kabkota": "Sanggau",
        "desa": "Sangai Tekam",
        "hs_id": "2026-08-30T18:02:00.000000Z",
        "provinsi_id": 11,
        "long": 110.73231,
        "ori_sumber": null,
        "desa_id": null,
        "counter": 2,
        "confidence_level": "medium",
        "kawasan": "",
        "kecamatan": "Sekayam",
        "nama_provinsi": "Kalimantan Barat",
        "pulau": "",
        "route_create": "https://opsroom.sipongidata.my.id/daops/laporan/groundcheck/create/form",
        "hotspot_date": "2026-08-31",
        "distance_hgu_km": 4.42,
        "zone": "3–5 km",
        "location_status": "OUTSIDE HGU"
      }
    },
    {
      "type": "Feature",
      "geometry": {
        "type": "Point",
        "coordinates": [
          110.73067,
          0.88831
        ]
      },
      "properties": {
        "confidence": "high",
        "confidence_value": null,
        "sumber": "NASA-MODIS",
        "date_hotspot": "Senin, 31 Agustus 2026 19:59:00",
        "date_hotspot_ori": "2026-08-31T12:59:00.000000Z",
        "provinsi": null,
        "kabkota": "Sanggau",
        "desa": "Sangai Tekam",
        "hs_id": "2026-08-31T12:59:00.000000Z",
        "provinsi_id": 11,
        "long": 110.73067,
        "ori_sumber": null,
        "desa_id": null,
        "counter": 2,
        "confidence_level": "high",
        "kawasan": "",
        "kecamatan": "Sekayam",
        "nama_provinsi": "Kalimantan Barat",
        "pulau": "",
        "route_create": "https://opsroom.sipongidata.my.id/daops/laporan/groundcheck/create/form",
        "hotspot_date": "2026-08-31",
        "distance_hgu_km": 4.546,
        "zone": "3–5 km",
        "location_status": "OUTSIDE HGU"
      }
    },
    {
      "type": "Feature",
      "geometry": {
        "type": "Point",
        "coordinates": [
          110.67138,
          0.83118
        ]
      },
      "properties": {
        "confidence": "high",
        "confidence_value": null,
        "sumber": "NASA-NOAA20",
        "date_hotspot": "Sabtu, 15 Agustus 2026 13:44:00",
        "date_hotspot_ori": "2026-08-15T06:44:00.000000Z",
        "provinsi": null,
        "kabkota": "Sanggau",
        "desa": "Sangai Tekam",
        "hs_id": "2026-08-15T06:44:00.000000Z",
        "provinsi_id": 11,
        "long": 110.67138,
        "ori_sumber": null,
        "desa_id": null,
        "counter": 1,
        "confidence_level": "high",
        "kawasan": "",
        "kecamatan": "Sekayam",
        "nama_provinsi": "Kalimantan Barat",
        "pulau": "",
        "route_create": "https://opsroom.sipongidata.my.id/daops/laporan/groundcheck/create/form",
        "hotspot_date": "2026-08-15",
        "distance_hgu_km": 0.0,
        "zone": "Inside HGU",
        "location_status": "INSIDE HGU"
      }
    },
    {
      "type": "Feature",
      "geometry": {
        "type": "Point",
        "coordinates": [
          110.64568,
          0.81293
        ]
      },
      "properties": {
        "confidence": "high",
        "confidence_value": null,
        "sumber": "NASA-NOAA20",
        "date_hotspot": "Jumat, 14 Agustus 2026 12:23:00",
        "date_hotspot_ori": "2026-08-14T05:23:00.000000Z",
        "provinsi": null,
        "kabkota": "Sanggau",
        "desa": "Noyan",
        "hs_id": "2026-08-14T05:23:00.000000Z",
        "provinsi_id": 11,
        "long": 110.64568,
        "ori_sumber": null,
        "desa_id": null,
        "counter": 1,
        "confidence_level": "high",
        "kawasan": "",
        "kecamatan": "Noyan",
        "nama_provinsi": "Kalimantan Barat",
        "pulau": "",
        "route_create": "https://opsroom.sipongidata.my.id/daops/laporan/groundcheck/create/form",
        "hotspot_date": "2026-08-14",
        "distance_hgu_km": 0.0,
        "zone": "Inside HGU",
        "location_status": "INSIDE HGU"
      }
    },
    {
      "type": "Feature",
      "geometry": {
        "type": "Point",
        "coordinates": [
          110.67766,
          0.75929
        ]
      },
      "properties": {
        "confidence": "high",
        "confidence_value": null,
        "sumber": "NASA-SNPP",
        "date_hotspot": "Sabtu, 29 Agustus 2026 12:23:00",
        "date_hotspot_ori": "2026-08-29T05:23:00.000000Z",
        "provinsi": null,
        "kabkota": "Sanggau",
        "desa": "Semongan",
        "hs_id": "2026-08-29T05:23:00.000000Z",
        "provinsi_id": 11,
        "long": 110.67766,
        "ori_sumber": null,
        "desa_id": null,
        "counter": 1,
        "confidence_level": "high",
        "kawasan": "",
        "kecamatan": "Noyan",
        "nama_provinsi": "Kalimantan Barat",
        "pulau": "",
        "route_create": "https://opsroom.sipongidata.my.id/daops/laporan/groundcheck/create/form",
        "hotspot_date": "2026-08-29",
        "distance_hgu_km": 1.362,
        "zone": "1–3 km",
        "location_status": "OUTSIDE HGU"
      }
    },
    {
      "type": "Feature",
      "geometry": {
        "type": "Point",
        "coordinates": [
          110.71986,
          0.79344
        ]
      },
      "properties": {
        "confidence": "high",
        "confidence_value": null,
        "sumber": "NASA-NOAA20",
        "date_hotspot": "Senin, 24 Agustus 2026 12:33:00",
        "date_hotspot_ori": "2026-08-24T05:33:00.000000Z",
        "provinsi": null,
        "kabkota": "Sanggau",
        "desa": "Melenggang",
        "hs_id": "2026-08-24T05:33:00.000000Z",
        "provinsi_id": 11,
        "long": 110.71986,
        "ori_sumber": null,
        "desa_id": null,
        "counter": 1,
        "confidence_level": "high",
        "kawasan": "",
        "kecamatan": "Sekayam",
        "nama_provinsi": "Kalimantan Barat",
        "pulau": "",
        "route_create": "https://opsroom.sipongidata.my.id/daops/laporan/groundcheck/create/form",
        "hotspot_date": "2026-08-24",
        "distance_hgu_km": 0.988,
        "zone": "0–1 km",
        "location_status": "OUTSIDE HGU"
      }
    },
    {
      "type": "Feature",
      "geometry": {
        "type": "Point",
        "coordinates": [
          110.67772,
          0.76538
        ]
      },
      "properties": {
        "confidence": "high",
        "confidence_value": null,
        "sumber": "NASA-SNPP",
        "date_hotspot": "Sabtu, 29 Agustus 2026 12:23:00",
        "date_hotspot_ori": "2026-08-29T05:23:00.000000Z",
        "provinsi": null,
        "kabkota": "Sanggau",
        "desa": "Semongan",
        "hs_id": "2026-08-29T05:23:00.000000Z",
        "provinsi_id": 11,
        "long": 110.67772,
        "ori_sumber": null,
        "desa_id": null,
        "counter": 1,
        "confidence_level": "high",
        "kawasan": "",
        "kecamatan": "Noyan",
        "nama_provinsi": "Kalimantan Barat",
        "pulau": "",
        "route_create": "https://opsroom.sipongidata.my.id/daops/laporan/groundcheck/create/form",
        "hotspot_date": "2026-08-29",
        "distance_hgu_km": 1.187,
        "zone": "1–3 km",
        "location_status": "OUTSIDE HGU"
      }
    },
    {
      "type": "Feature",
      "geometry": {
        "type": "Point",
        "coordinates": [
          110.64128,
          0.82245
        ]
      },
      "properties": {
        "confidence": "high",
        "confidence_value": null,
        "sumber": "NASA-NOAA20",
        "date_hotspot": "Senin, 24 Agustus 2026 12:33:00",
        "date_hotspot_ori": "2026-08-24T05:33:00.000000Z",
        "provinsi": null,
        "kabkota": "Sanggau",
        "desa": "Noyan",
        "hs_id": "2026-08-24T05:33:00.000000Z",
        "provinsi_id": 11,
        "long": 110.64128,
        "ori_sumber": null,
        "desa_id": null,
        "counter": 1,
        "confidence_level": "high",
        "kawasan": "",
        "kecamatan": "Noyan",
        "nama_provinsi": "Kalimantan Barat",
        "pulau": "",
        "route_create": "https://opsroom.sipongidata.my.id/daops/laporan/groundcheck/create/form",
        "hotspot_date": "2026-08-24",
        "distance_hgu_km": 0.0,
        "zone": "Inside HGU",
        "location_status": "INSIDE HGU"
      }
    },
    {
      "type": "Feature",
      "geometry": {
        "type": "Point",
        "coordinates": [
          110.73227,
          0.72765
        ]
      },
      "properties": {
        "confidence": "high",
        "confidence_value": null,
        "sumber": "NASA-MODIS",
        "date_hotspot": "Rabu, 09 September 2026 15:24:00",
        "date_hotspot_ori": "2026-09-09T08:24:00.000000Z",
        "provinsi": null,
        "kabkota": "Sanggau",
        "desa": "Melenggang",
        "hs_id": "2026-09-09T08:24:00.000000Z",
        "provinsi_id": 11,
        "long": 110.73227,
        "ori_sumber": null,
        "desa_id": null,
        "counter": 1,
        "confidence_level": "high",
        "kawasan": "",
        "kecamatan": "Sekayam",
        "nama_provinsi": "Kalimantan Barat",
        "pulau": "",
        "route_create": "https://opsroom.sipongidata.my.id/daops/laporan/groundcheck/create/form",
        "hotspot_date": "2026-09-09",
        "distance_hgu_km": 4.704,
        "zone": "3–5 km",
        "location_status": "OUTSIDE HGU"
      }
    },
    {
      "type": "Feature",
      "geometry": {
        "type": "Point",
        "coordinates": [
          110.73719,
          0.88901
        ]
      },
      "properties": {
        "confidence": "high",
        "confidence_value": null,
        "sumber": "NASA-MODIS",
        "date_hotspot": "Minggu, 30 Agustus 2026 03:19:00",
        "date_hotspot_ori": "2026-08-29T20:19:00.000000Z",
        "provinsi": null,
        "kabkota": "Sanggau",
        "desa": "Sangai Tekam",
        "hs_id": "2026-08-29T20:19:00.000000Z",
        "provinsi_id": 11,
        "long": 110.73719,
        "ori_sumber": null,
        "desa_id": null,
        "counter": 1,
        "confidence_level": "high",
        "kawasan": "",
        "kecamatan": "Sekayam",
        "nama_provinsi": "Kalimantan Barat",
        "pulau": "",
        "route_create": "https://opsroom.sipongidata.my.id/daops/laporan/groundcheck/create/form",
        "hotspot_date": "2026-08-30",
        "distance_hgu_km": 4.86,
        "zone": "3–5 km",
        "location_status": "OUTSIDE HGU"
      }
    }
  ]
}