{
  "type": "FeatureCollection",
  "name": "pt_btl_boundary",
  "crs": {
    "type": "name",
    "properties": {
      "name": "urn:ogc:def:crs:OGC:1.3:CRS84"
    }
  },
  "features": [
    {
      "type": "Feature",
      "properties": {
        "Nama": "244",
        "Luas": 314.8,
        "Ket_1": "NIB. 14.04.00.00.00046",
        "Ket_2": "Inti",
        "No_HGU": "No. 244",
        "Luas_Doc": 315.18,
        "id": "G"
      },
      "geometry": {
        "type": "Polygon",
        "coordinates": [
          [
            [
              110.70011386353828,
              0.823413636666251
            ],
            [
              110.70289836798625,
              0.823245719793264
            ],
            [
              110.70301016703685,
              0.823235811347977
            ],
            [
              110.70398553440374,
              0.823148834017373
            ],
            [
              110.70694550831777,
              0.82288559206036
            ],
            [
              110.71050401980845,
              0.82257143001357
            ],
            [
              110.7108750361828,
              0.818046565794456
            ],
            [
              110.7107263992122,
              0.815925656723152
            ],
            [
              110.70853516287137,
              0.810539107664821
            ],
            [
              110.71032054100442,
              0.80886470894034
            ],
            [
              110.7093139506208,
              0.807283118407945
            ],
            [
              110.71039978115213,
              0.802900628592919
            ],
            [
              110.69574529113783,
              0.802904969807266
            ],
            [
              110.69570721045139,
              0.803247944986348
            ],
            [
              110.69576979187741,
              0.80423334912419
            ],
            [
              110.69577027462311,
              0.804493921409582
            ],
            [
              110.69575220046123,
              0.805195792831499
            ],
            [
              110.69582573788358,
              0.805835704859614
            ],
            [
              110.69598887769851,
              0.80606029237169
            ],
            [
              110.6960836814237,
              0.80645212740714
            ],
            [
              110.69611229766221,
              0.807100716767505
            ],
            [
              110.6961004277968,
              0.807220560613687
            ],
            [
              110.6960171497696,
              0.807479159789857
            ],
            [
              110.69603133552117,
              0.808191091682939
            ],
            [
              110.69607725763261,
              0.808817249980591
            ],
            [
              110.69602470341006,
              0.809411673912034
            ],
            [
              110.69621092004745,
              0.809718211384237
            ],
            [
              110.69629951052596,
              0.810222686060051
            ],
            [
              110.69636614646733,
              0.810695816484562
            ],
            [
              110.69632134026007,
              0.811148202872463
            ],
            [
              110.69636795535972,
              0.811421443916095
            ],
            [
              110.69685210834861,
              0.812793345060722
            ],
            [
              110.69686641945663,
              0.813684063414091
            ],
            [
              110.69726768966939,
              0.814376684213115
            ],
            [
              110.69754677787822,
              0.814853302836833
            ],
            [
              110.69787519148552,
              0.815290268603765
            ],
            [
              110.69810498591363,
              0.816861531268039
            ],
            [
              110.69840885176733,
              0.817276205775317
            ],
            [
              110.69877151116033,
              0.81850874789077
            ],
            [
              110.69883370513546,
              0.819207774279102
            ],
            [
              110.69949645429502,
              0.820427037034241
            ],
            [
              110.69983536615452,
              0.821808073354151
            ],
            [
              110.70015462922817,
              0.822551227754351
            ],
            [
              110.70019641310647,
              0.822960111394425
            ],
            [
              110.70011386353828,
              0.823413636666251
            ]
          ]
        ]
      }
    },
    {
      "type": "Feature",
      "properties": {
        "Nama": "02",
        "Luas": 19.27,
        "Ket_1": "NIB. 14.04.00.00.00271",
        "Ket_2": "Plasma",
        "No_HGU": "No. 281",
        "Luas_Doc": 19.29,
        "id": "I"
      },
      "geometry": {
        "type": "Polygon",
        "coordinates": [
          [
            [
              110.70407386640761,
              0.762320662846145
            ],
            [
              110.70386153114822,
              0.759960448021013
            ],
            [
              110.70396276031524,
              0.759659247018165
            ],
            [
              110.7037400581027,
              0.75959100893282
            ],
            [
              110.70373396585371,
              0.759576279775398
            ],
            [
              110.70391316689269,
              0.759387222200695
            ],
            [
              110.70387944562407,
              0.759182998164849
            ],
            [
              110.7030632459041,
              0.758868551578658
            ],
            [
              110.70288173505934,
              0.758975050468204
            ],
            [
              110.70280971917775,
              0.759410289412071
            ],
            [
              110.70298062135787,
              0.759966156810741
            ],
            [
              110.70207698194243,
              0.759929480176117
            ],
            [
              110.70162558709454,
              0.758385923800689
            ],
            [
              110.70136616531333,
              0.758506443778903
            ],
            [
              110.70140078490897,
              0.758820265523716
            ],
            [
              110.70102530449607,
              0.75892484268607
            ],
            [
              110.70059104010286,
              0.759998140594705
            ],
            [
              110.70010520431603,
              0.761418900679899
            ],
            [
              110.70011972210949,
              0.762349408248716
            ],
            [
              110.70087871498399,
              0.763139175854429
            ],
            [
              110.70403308887236,
              0.764009631223319
            ],
            [
              110.70440521924586,
              0.763623999582823
            ],
            [
              110.70407386640761,
              0.762320662846145
            ]
          ]
        ]
      }
    },
    {
      "type": "Feature",
      "properties": {
        "Nama": "03",
        "Luas": 50.81,
        "Ket_1": "NIB. 14.04.00.00.00272",
        "Ket_2": "Plasma",
        "No_HGU": "No. 283",
        "Luas_Doc": 50.85,
        "id": "J"
      },
      "geometry": {
        "type": "Polygon",
        "coordinates": [
          [
            [
              110.69546866749957,
              0.762362511329166
            ],
            [
              110.69533620902979,
              0.759959250697175
            ],
            [
              110.69535369303047,
              0.758204980956035
            ],
            [
              110.69529009497525,
              0.755582643843288
            ],
            [
              110.6953687624294,
              0.754373926070152
            ],
            [
              110.69355103230824,
              0.753624714530174
            ],
            [
              110.69369299846805,
              0.753383769887524
            ],
            [
              110.6953826357783,
              0.7531943856551
            ],
            [
              110.6951420390345,
              0.751163664058425
            ],
            [
              110.69351380061676,
              0.749219393147395
            ],
            [
              110.69249482148093,
              0.748817982649778
            ],
            [
              110.6918681894645,
              0.748801939532712
            ],
            [
              110.691925125836,
              0.74864917214562
            ],
            [
              110.69157152678584,
              0.748293241738851
            ],
            [
              110.69124751926987,
              0.748196609581554
            ],
            [
              110.69131882443305,
              0.748017032426734
            ],
            [
              110.69044451050651,
              0.747302681885816
            ],
            [
              110.68857939778098,
              0.747431703082265
            ],
            [
              110.68970442221139,
              0.74865847614981
            ],
            [
              110.68975496016203,
              0.749353807381378
            ],
            [
              110.69050380670228,
              0.750719293222898
            ],
            [
              110.6917144525392,
              0.752629130193429
            ],
            [
              110.69160288125613,
              0.753872165135886
            ],
            [
              110.69203086208017,
              0.754324605597917
            ],
            [
              110.69230993244142,
              0.754212278642326
            ],
            [
              110.6928436512466,
              0.754617484292952
            ],
            [
              110.6930265340655,
              0.754608730501343
            ],
            [
              110.69368047538414,
              0.755232010710566
            ],
            [
              110.69375080902795,
              0.755584241802876
            ],
            [
              110.69405895182155,
              0.755885620470725
            ],
            [
              110.69408310227634,
              0.756993587098203
            ],
            [
              110.69347552254956,
              0.757042467093685
            ],
            [
              110.69259735534993,
              0.757500374070399
            ],
            [
              110.69256583718908,
              0.758445928511801
            ],
            [
              110.69275999403422,
              0.759012925938816
            ],
            [
              110.69375963546831,
              0.758759534622758
            ],
            [
              110.69380380408616,
              0.759085593523049
            ],
            [
              110.69405176370336,
              0.759240160354298
            ],
            [
              110.69445197682495,
              0.759224984417686
            ],
            [
              110.69438078464817,
              0.7599073827787
            ],
            [
              110.69414512833185,
              0.760606846910959
            ],
            [
              110.69419885736029,
              0.760931513661617
            ],
            [
              110.69340284079168,
              0.761181364883726
            ],
            [
              110.69314086522864,
              0.761670104947235
            ],
            [
              110.69310198874707,
              0.761439647902113
            ],
            [
              110.69279670996532,
              0.760693303414257
            ],
            [
              110.69248996104368,
              0.760985770306347
            ],
            [
              110.69255249237486,
              0.761182597481
            ],
            [
              110.69214557188822,
              0.761327619501862
            ],
            [
              110.6921326181046,
              0.762536961158959
            ],
            [
              110.69540234971397,
              0.762767064579577
            ],
            [
              110.69543976377498,
              0.763249284763155
            ],
            [
              110.6956731242333,
              0.763370060469876
            ],
            [
              110.69623467828202,
              0.763364584465905
            ],
            [
              110.69658146199086,
              0.76275489335136
            ],
            [
              110.69726169886546,
              0.762655602023601
            ],
            [
              110.69744524653883,
              0.762540131292516
            ],
            [
              110.69728408157064,
              0.762377498169604
            ],
            [
              110.69546866749957,
              0.762362511329166
            ]
          ]
        ]
      }
    },
    {
      "type": "Feature",
      "properties": {
        "Nama": "02",
        "Luas": 164.53,
        "Ket_1": "NIB. 14.04.00.00.00270",
        "Ket_2": "Plasma",
        "No_HGU": "No. 280",
        "Luas_Doc": 164.69,
        "id": "H"
      },
      "geometry": {
        "type": "Polygon",
        "coordinates": [
          [
            [
              110.70637914820807,
              0.770752983201045
            ],
            [
              110.70473164921779,
              0.76935215260971
            ],
            [
              110.70474999516507,
              0.766700196486229
            ],
            [
              110.70359403038316,
              0.764713029151727
            ],
            [
              110.70233700603916,
              0.765230103876036
            ],
            [
              110.70182496227945,
              0.765644915693641
            ],
            [
              110.69964043903002,
              0.765449161014952
            ],
            [
              110.6992021636952,
              0.765431618149127
            ],
            [
              110.69911297743731,
              0.765405200642159
            ],
            [
              110.69870938113063,
              0.764740302757422
            ],
            [
              110.6976494008672,
              0.764740227864248
            ],
            [
              110.69761995360868,
              0.765174246946122
            ],
            [
              110.69734855920443,
              0.765330289894579
            ],
            [
              110.69672199040708,
              0.764596885915048
            ],
            [
              110.69635443392981,
              0.764385639204712
            ],
            [
              110.69614132069283,
              0.764480018362676
            ],
            [
              110.69514918377804,
              0.763587231678189
            ],
            [
              110.69491499776207,
              0.763550003144139
            ],
            [
              110.69412821957415,
              0.764134431822142
            ],
            [
              110.69410585353775,
              0.764854582207141
            ],
            [
              110.6941135006672,
              0.767200630001549
            ],
            [
              110.69324366209257,
              0.767182602048482
            ],
            [
              110.69327338467244,
              0.767761679140192
            ],
            [
              110.6927536050555,
              0.768273990149109
            ],
            [
              110.69240223268643,
              0.768132207806949
            ],
            [
              110.69213739189135,
              0.768462381137212
            ],
            [
              110.6924116291809,
              0.769086244796784
            ],
            [
              110.69346897416092,
              0.769886857687757
            ],
            [
              110.69338154615042,
              0.770493855216759
            ],
            [
              110.6928592356745,
              0.770226746881497
            ],
            [
              110.69275735195336,
              0.769696566671171
            ],
            [
              110.69223302196863,
              0.768982912369765
            ],
            [
              110.69160027463948,
              0.768982864061684
            ],
            [
              110.69149284300848,
              0.767371104406567
            ],
            [
              110.69072261992896,
              0.767246330980125
            ],
            [
              110.69030223238036,
              0.766111672111548
            ],
            [
              110.69003383898817,
              0.76608552183663
            ],
            [
              110.6898690012308,
              0.765081018496116
            ],
            [
              110.68932505781639,
              0.7651178859022
            ],
            [
              110.68912503663398,
              0.765419807456743
            ],
            [
              110.68843068466259,
              0.765140314424903
            ],
            [
              110.68858411809299,
              0.765966204670444
            ],
            [
              110.68836140470847,
              0.76612770412045
            ],
            [
              110.68865815208868,
              0.767332445342944
            ],
            [
              110.68820596118661,
              0.767819273048706
            ],
            [
              110.68852875082368,
              0.769229830619081
            ],
            [
              110.69034164595828,
              0.768789870292316
            ],
            [
              110.6905365204664,
              0.769579561449382
            ],
            [
              110.69085819063517,
              0.769627193543505
            ],
            [
              110.69108429598471,
              0.769978379264928
            ],
            [
              110.69060314998282,
              0.7701143485015
            ],
            [
              110.69158977616846,
              0.771994430354069
            ],
            [
              110.69170353998025,
              0.774200588078051
            ],
            [
              110.69566355307761,
              0.77422838398276
            ],
            [
              110.70062082445156,
              0.77410622797076
            ],
            [
              110.70511222953128,
              0.773995546883051
            ],
            [
              110.70863677436613,
              0.77390868877203
            ],
            [
              110.70770299768799,
              0.771694246879087
            ],
            [
              110.70620196131652,
              0.771582336477141
            ],
            [
              110.70637914820807,
              0.770752983201045
            ]
          ]
        ]
      }
    },
    {
      "type": "Feature",
      "properties": {
        "Nama": "03",
        "Luas": 0.86,
        "Ket_1": "NIB. 14.04.00.00.00273",
        "Ket_2": "Plasma",
        "No_HGU": "No. 284",
        "Luas_Doc": 0.86,
        "id": "L"
      },
      "geometry": {
        "type": "Polygon",
        "coordinates": [
          [
            [
              110.69047221177863,
              0.754118302729301
            ],
            [
              110.69050815064162,
              0.754145438775513
            ],
            [
              110.69066993293248,
              0.754082132070688
            ],
            [
              110.6906878806008,
              0.75398254981857
            ],
            [
              110.69056212845243,
              0.753846863778615
            ],
            [
              110.69075986407857,
              0.753566379683956
            ],
            [
              110.6907958134557,
              0.753466882910764
            ],
            [
              110.69066103512155,
              0.753204557470641
            ],
            [
              110.69076798179833,
              0.753059746701273
            ],
            [
              110.69070595424942,
              0.753023566158785
            ],
            [
              110.69039135054584,
              0.753168361689548
            ],
            [
              110.6899959374405,
              0.752752157193689
            ],
            [
              110.6897083818936,
              0.753032539356208
            ],
            [
              110.68975327268454,
              0.75327685864641
            ],
            [
              110.68985212192845,
              0.753448722656134
            ],
            [
              110.69040932319932,
              0.753756398261403
            ],
            [
              110.69047221177863,
              0.754118302729301
            ]
          ]
        ]
      }
    },
    {
      "type": "Feature",
      "properties": {
        "Nama": "04",
        "Luas": 77.68,
        "Ket_1": "NIB. 14.04.00.00.00269",
        "Ket_2": "Plasma",
        "No_HGU": "No. 290",
        "Luas_Doc": 77.75,
        "id": "R"
      },
      "geometry": {
        "type": "Polygon",
        "coordinates": [
          [
            [
              110.64205803753818,
              0.791140146009594
            ],
            [
              110.64184466464596,
              0.790996109862533
            ],
            [
              110.64182403604195,
              0.791344758753556
            ],
            [
              110.64167960730641,
              0.791404587775307
            ],
            [
              110.64158020130346,
              0.791871624504311
            ],
            [
              110.64186521824672,
              0.792250824658763
            ],
            [
              110.64216168088328,
              0.792458137990812
            ],
            [
              110.64216594695019,
              0.792862303262808
            ],
            [
              110.64317389225556,
              0.793475085641182
            ],
            [
              110.64392172517559,
              0.793585070533898
            ],
            [
              110.64456375713229,
              0.79402433085695
            ],
            [
              110.64460342165054,
              0.793955398197041
            ],
            [
              110.64473554745557,
              0.794435029985464
            ],
            [
              110.64471067622493,
              0.794772205466644
            ],
            [
              110.64542099332424,
              0.79532354472789
            ],
            [
              110.6457457586993,
              0.7947845456762
            ],
            [
              110.64543405336245,
              0.793782886933822
            ],
            [
              110.64522037374287,
              0.793485404558583
            ],
            [
              110.64464315245239,
              0.793502604715003
            ],
            [
              110.64437723794224,
              0.792189710469627
            ],
            [
              110.64390861651303,
              0.791328151402837
            ],
            [
              110.64361178085825,
              0.791234203086425
            ],
            [
              110.64324241539093,
              0.791477833361386
            ],
            [
              110.64396846743283,
              0.792358522988933
            ],
            [
              110.64339531829292,
              0.792552974476777
            ],
            [
              110.64319700052351,
              0.792129542641913
            ],
            [
              110.64254814003782,
              0.791550036509842
            ],
            [
              110.64438506743522,
              0.787138248196576
            ],
            [
              110.64327695192554,
              0.785001494379283
            ],
            [
              110.64393304395874,
              0.784947274168219
            ],
            [
              110.64423862122632,
              0.784549217827677
            ],
            [
              110.64346576127623,
              0.784350155013311
            ],
            [
              110.64387932806915,
              0.784098225684766
            ],
            [
              110.64433750356163,
              0.784305008770445
            ],
            [
              110.64465211952857,
              0.784078807802487
            ],
            [
              110.64518234614951,
              0.784277946266934
            ],
            [
              110.6454642567585,
              0.783266146165064
            ],
            [
              110.6435736388194,
              0.783752995112969
            ],
            [
              110.64363919977106,
              0.782767740268475
            ],
            [
              110.64018560610596,
              0.781201491793176
            ],
            [
              110.64020432168081,
              0.78068222311984
            ],
            [
              110.64030944038075,
              0.780774538726866
            ],
            [
              110.64094866864156,
              0.780712928074996
            ],
            [
              110.6415338228611,
              0.779998307505597
            ],
            [
              110.64243266017922,
              0.779428448652548
            ],
            [
              110.64252245298874,
              0.779754081508475
            ],
            [
              110.64203708122974,
              0.780061668416703
            ],
            [
              110.64377136799715,
              0.780177963518511
            ],
            [
              110.64358296029661,
              0.779591356363814
            ],
            [
              110.64306177801255,
              0.779283682898322
            ],
            [
              110.64333140121347,
              0.779102799043796
            ],
            [
              110.64290006242115,
              0.778541867129376
            ],
            [
              110.64244172254892,
              0.778288468987704
            ],
            [
              110.64247770721501,
              0.777781846859947
            ],
            [
              110.6414277629655,
              0.776770219044546
            ],
            [
              110.64043667941235,
              0.777814052291582
            ],
            [
              110.64052702439295,
              0.77812302852141
            ],
            [
              110.63790293720193,
              0.780025132623724
            ],
            [
              110.6375990984395,
              0.780212708491508
            ],
            [
              110.6371587859297,
              0.779688346513492
            ],
            [
              110.63680407258897,
              0.780399568020028
            ],
            [
              110.63690769148275,
              0.781298031491167
            ],
            [
              110.63637484129427,
              0.782268676189697
            ],
            [
              110.63544914677463,
              0.782322868719383
            ],
            [
              110.63458856086395,
              0.781805954505475
            ],
            [
              110.63417293285197,
              0.782250394521536
            ],
            [
              110.63482000157106,
              0.782775170867011
            ],
            [
              110.63446983654904,
              0.783531126607264
            ],
            [
              110.63505355874314,
              0.78399657197862
            ],
            [
              110.63582652712101,
              0.78382469256568
            ],
            [
              110.63588048850119,
              0.782856673902616
            ],
            [
              110.63632091546505,
              0.782901939547869
            ],
            [
              110.63652754224135,
              0.783625758637078
            ],
            [
              110.63677363396602,
              0.783857177817312
            ],
            [
              110.63711169682317,
              0.784096249125006
            ],
            [
              110.63760594515344,
              0.78482009765738
            ],
            [
              110.63587130952955,
              0.78536275101771
            ],
            [
              110.63582612654459,
              0.785802885190924
            ],
            [
              110.63679693716614,
              0.786122815524434
            ],
            [
              110.63887302011398,
              0.786077773618176
            ],
            [
              110.64062563064724,
              0.785905976635275
            ],
            [
              110.64101415439617,
              0.785691700670225
            ],
            [
              110.64106605688504,
              0.785055572239863
            ],
            [
              110.64252857327378,
              0.78534187130709
            ],
            [
              110.64121872652674,
              0.78678359587532
            ],
            [
              110.64124557444643,
              0.78743503914697
            ],
            [
              110.64208424757277,
              0.788168204017047
            ],
            [
              110.64205803753818,
              0.791140146009594
            ]
          ]
        ]
      }
    },
    {
      "type": "Feature",
      "properties": {
        "Nama": "97",
        "Luas": 186.37,
        "Ket_1": "NIB 14.04.00.00.00015",
        "Ket_2": "Inti",
        "No_HGU": "No. 97",
        "Luas_Doc": 186.55,
        "id": "B"
      },
      "geometry": {
        "type": "Polygon",
        "coordinates": [
          [
            [
              110.64275689000694,
              0.802835206565935
            ],
            [
              110.64237121946822,
              0.801965946989427
            ],
            [
              110.64223375939254,
              0.802029131198475
            ],
            [
              110.64181652568733,
              0.802277863499645
            ],
            [
              110.64161852145202,
              0.802451282165673
            ],
            [
              110.64137917725878,
              0.802655264448535
            ],
            [
              110.64109199126483,
              0.802854134342179
            ],
            [
              110.64078657471707,
              0.803116514238828
            ],
            [
              110.64047441226045,
              0.803332118415635
            ],
            [
              110.64013179578275,
              0.803650657519609
            ],
            [
              110.63981252642725,
              0.803953310236123
            ],
            [
              110.63953833474552,
              0.804091412496581
            ],
            [
              110.63948454462152,
              0.804113088915106
            ],
            [
              110.6391497834861,
              0.804225521268316
            ],
            [
              110.63843421463046,
              0.804373488605162
            ],
            [
              110.63798096343714,
              0.804417488247801
            ],
            [
              110.63735716864912,
              0.804688057424503
            ],
            [
              110.6372655809922,
              0.804734187452962
            ],
            [
              110.6367988924563,
              0.804920481134067
            ],
            [
              110.63638813430593,
              0.805210972938088
            ],
            [
              110.63638561536919,
              0.805212643778257
            ],
            [
              110.63639190096083,
              0.827599235659269
            ],
            [
              110.64092803921054,
              0.82808637662483
            ],
            [
              110.64514685321828,
              0.828463535404556
            ],
            [
              110.64473819995396,
              0.828085168079013
            ],
            [
              110.64397405214558,
              0.82762593535882
            ],
            [
              110.6432973106247,
              0.826918222462471
            ],
            [
              110.64292227994744,
              0.826038046204426
            ],
            [
              110.64262474066555,
              0.821294782818489
            ],
            [
              110.64267834847064,
              0.820127378354026
            ],
            [
              110.6426056036326,
              0.819670543386582
            ],
            [
              110.6419758024782,
              0.818448718446594
            ],
            [
              110.64176110556677,
              0.817773999419146
            ],
            [
              110.64171653935594,
              0.817228589321553
            ],
            [
              110.64200161897938,
              0.816483625138696
            ],
            [
              110.64241450729187,
              0.815850755722079
            ],
            [
              110.64268512488542,
              0.815205533158808
            ],
            [
              110.64290146340731,
              0.814178745653431
            ],
            [
              110.64279346290786,
              0.813455363172339
            ],
            [
              110.64293680850662,
              0.812778032340926
            ],
            [
              110.64291831617388,
              0.812389427176406
            ],
            [
              110.64257817279719,
              0.811372667901787
            ],
            [
              110.64230532530084,
              0.8097297400293
            ],
            [
              110.64232495560759,
              0.8083465894055
            ],
            [
              110.64229320014253,
              0.807426954471564
            ],
            [
              110.64198104480437,
              0.806435002104696
            ],
            [
              110.64237157352605,
              0.805451398558474
            ],
            [
              110.64301611682126,
              0.804865325623737
            ],
            [
              110.64328705347131,
              0.80410259632811
            ],
            [
              110.64298841659773,
              0.80356851084623
            ],
            [
              110.64275689000694,
              0.802835206565935
            ]
          ]
        ]
      }
    },
    {
      "type": "Feature",
      "properties": {
        "Nama": "243",
        "Luas": 2598.17,
        "Ket_1": "NIB. 14.04.00.00.00832",
        "Ket_2": "Inti",
        "No_HGU": "No. 243",
        "Luas_Doc": 2600.9,
        "id": "F"
      },
      "geometry": {
        "type": "Polygon",
        "coordinates": [
          [
            [
              110.70153625873833,
              0.84580432244565
            ],
            [
              110.70132380984604,
              0.842195574951452
            ],
            [
              110.70111183341979,
              0.835348021374393
            ],
            [
              110.70093029048341,
              0.834985440808733
            ],
            [
              110.70016481727421,
              0.833456629553454
            ],
            [
              110.69961695376743,
              0.832362439506526
            ],
            [
              110.69804177171594,
              0.831793924673332
            ],
            [
              110.69787130683814,
              0.830673344741499
            ],
            [
              110.69746037571656,
              0.827972032678673
            ],
            [
              110.6977006007836,
              0.823706234482816
            ],
            [
              110.69924669110596,
              0.823510029673839
            ],
            [
              110.69974751317793,
              0.823446468165008
            ],
            [
              110.69976471913688,
              0.8234442846019
            ],
            [
              110.6997931638412,
              0.823243418885664
            ],
            [
              110.69982930911227,
              0.823097692210337
            ],
            [
              110.69985230592205,
              0.822950792455091
            ],
            [
              110.69982044780211,
              0.822639039860424
            ],
            [
              110.69950919860743,
              0.821914540353806
            ],
            [
              110.69948830338812,
              0.821820022396028
            ],
            [
              110.69925607179573,
              0.820787474306045
            ],
            [
              110.69918088110698,
              0.820560633164268
            ],
            [
              110.69882845189696,
              0.819869347329612
            ],
            [
              110.69851406490514,
              0.819339148974321
            ],
            [
              110.6984413088538,
              0.81903612681563
            ],
            [
              110.69845066539824,
              0.818789327736052
            ],
            [
              110.69843479341029,
              0.818582428854946
            ],
            [
              110.6983044550257,
              0.818224137475341
            ],
            [
              110.69809280867759,
              0.81741729473009
            ],
            [
              110.69799320645085,
              0.817263144183428
            ],
            [
              110.69780156879753,
              0.81703179307095
            ],
            [
              110.69773459478274,
              0.816829738277771
            ],
            [
              110.69767885587106,
              0.816391259198335
            ],
            [
              110.69754894512171,
              0.815425707456462
            ],
            [
              110.69730660455758,
              0.815103264823063
            ],
            [
              110.69713688899188,
              0.814982746581974
            ],
            [
              110.69696624840556,
              0.814544155589907
            ],
            [
              110.69671943052771,
              0.814207175083621
            ],
            [
              110.69661942432731,
              0.814016040101634
            ],
            [
              110.69652844416426,
              0.813751718519133
            ],
            [
              110.6964906443393,
              0.813108123942138
            ],
            [
              110.69650735979096,
              0.812837620166451
            ],
            [
              110.69637325726873,
              0.812424617837251
            ],
            [
              110.6962030668254,
              0.811983178986127
            ],
            [
              110.69603643751718,
              0.811508376137341
            ],
            [
              110.6959770827364,
              0.811160458517835
            ],
            [
              110.69602184768777,
              0.810708492175028
            ],
            [
              110.69596146881673,
              0.810271667770705
            ],
            [
              110.68236645100228,
              0.810303244382869
            ],
            [
              110.68236291136432,
              0.798005250429516
            ],
            [
              110.69229135950854,
              0.798002365245122
            ],
            [
              110.69232178659708,
              0.798002356366773
            ],
            [
              110.69241306786061,
              0.798002329602951
            ],
            [
              110.69240039420563,
              0.797906676561441
            ],
            [
              110.69246861216905,
              0.797844381930272
            ],
            [
              110.6925191067542,
              0.797805488494401
            ],
            [
              110.6927631954945,
              0.797565750429879
            ],
            [
              110.6927958714054,
              0.79750862159326
            ],
            [
              110.69271503752165,
              0.797246301123566
            ],
            [
              110.69289476817401,
              0.797038181711632
            ],
            [
              110.69275101945597,
              0.796721494124405
            ],
            [
              110.69274206696193,
              0.796522496322949
            ],
            [
              110.6926791507942,
              0.796486310304871
            ],
            [
              110.6930593184829,
              0.795963660754026
            ],
            [
              110.69327022855691,
              0.79587387947504
            ],
            [
              110.69372478969049,
              0.79590365367174
            ],
            [
              110.69432278165323,
              0.795759119638937
            ],
            [
              110.69442849170329,
              0.79600045435352
            ],
            [
              110.69432285833403,
              0.795220582957538
            ],
            [
              110.69424350939443,
              0.794848356353871
            ],
            [
              110.69370210563898,
              0.794720775398431
            ],
            [
              110.69370205594599,
              0.794547678060393
            ],
            [
              110.69357563721768,
              0.79432572787377
            ],
            [
              110.69359157959438,
              0.794317813776403
            ],
            [
              110.69357035923954,
              0.79427082963761
            ],
            [
              110.69353313426178,
              0.794188409548253
            ],
            [
              110.69361083589973,
              0.793821429675855
            ],
            [
              110.69372194130635,
              0.793500798026725
            ],
            [
              110.69382080845203,
              0.793428442792365
            ],
            [
              110.69384461176351,
              0.793417419355849
            ],
            [
              110.69368637325827,
              0.793102751866821
            ],
            [
              110.69323942687797,
              0.792685624927133
            ],
            [
              110.6931785226426,
              0.792478928568855
            ],
            [
              110.69311937316803,
              0.79213194570809
            ],
            [
              110.69288500629395,
              0.792012211609938
            ],
            [
              110.69271442322453,
              0.791976150241406
            ],
            [
              110.69260540357193,
              0.791988938231665
            ],
            [
              110.69235387336376,
              0.79196188325045
            ],
            [
              110.69217426096826,
              0.792124702269841
            ],
            [
              110.69217429715252,
              0.792251298821581
            ],
            [
              110.69214920564406,
              0.792333652855778
            ],
            [
              110.69231098020347,
              0.792415072867183
            ],
            [
              110.69222106427519,
              0.792704516505563
            ],
            [
              110.69236482894894,
              0.792804116274672
            ],
            [
              110.69259848821301,
              0.792903632307696
            ],
            [
              110.6925643010109,
              0.793212889382481
            ],
            [
              110.69248903144145,
              0.793408661791445
            ],
            [
              110.6921490933528,
              0.793853538591605
            ],
            [
              110.69198731005365,
              0.793889707758903
            ],
            [
              110.69183450067668,
              0.793835424357862
            ],
            [
              110.69176261397915,
              0.793844464288146
            ],
            [
              110.69159246179153,
              0.793970333704925
            ],
            [
              110.69146482902843,
              0.794186054464439
            ],
            [
              110.69137053573199,
              0.794623639846349
            ],
            [
              110.69119636018857,
              0.794640591057426
            ],
            [
              110.69097166585078,
              0.794568211364293
            ],
            [
              110.69090073664498,
              0.794650518846613
            ],
            [
              110.69058517725563,
              0.794685771727814
            ],
            [
              110.69006033045362,
              0.794669528837949
            ],
            [
              110.68966392323368,
              0.794159041101813
            ],
            [
              110.68952362437041,
              0.794061756043142
            ],
            [
              110.68985509700533,
              0.794000995099727
            ],
            [
              110.69035107350786,
              0.793355025870715
            ],
            [
              110.6906563879883,
              0.792984190156536
            ],
            [
              110.69064824293397,
              0.792704398539455
            ],
            [
              110.69005493308707,
              0.792463486924171
            ],
            [
              110.6898419820988,
              0.792372287742099
            ],
            [
              110.6888627320019,
              0.791158140069181
            ],
            [
              110.68882313346066,
              0.79041661573748
            ],
            [
              110.68846452334283,
              0.789935822924914
            ],
            [
              110.68830273888561,
              0.789990082636642
            ],
            [
              110.68801460586428,
              0.79019982564461
            ],
            [
              110.68783490821832,
              0.790064237985444
            ],
            [
              110.68778038179151,
              0.78987885698247
            ],
            [
              110.68782638106634,
              0.789772958958452
            ],
            [
              110.68772690996123,
              0.789349901583709
            ],
            [
              110.68787142808497,
              0.788931566678359
            ],
            [
              110.68782834966501,
              0.788897082721957
            ],
            [
              110.68785251228958,
              0.788789222658258
            ],
            [
              110.68781653689145,
              0.788635508351567
            ],
            [
              110.68800722099085,
              0.788414608237918
            ],
            [
              110.68803930518914,
              0.788375828765355
            ],
            [
              110.68799568312096,
              0.788287254309801
            ],
            [
              110.68783393538028,
              0.78815164780497
            ],
            [
              110.68781696918828,
              0.787989618762628
            ],
            [
              110.68770321078685,
              0.788011507443121
            ],
            [
              110.68760047851755,
              0.787908151671553
            ],
            [
              110.68759180792688,
              0.787786444255472
            ],
            [
              110.68755754874498,
              0.78778701393788
            ],
            [
              110.68724114489851,
              0.787929611650316
            ],
            [
              110.68698987800646,
              0.787833753190318
            ],
            [
              110.68698986744764,
              0.78779645364492
            ],
            [
              110.68672347689771,
              0.787800883302313
            ],
            [
              110.68673544376419,
              0.787839660455952
            ],
            [
              110.68659543529641,
              0.787963052924677
            ],
            [
              110.68654511266848,
              0.788042038452984
            ],
            [
              110.68639809822281,
              0.788361658031398
            ],
            [
              110.68637110600835,
              0.788643265054602
            ],
            [
              110.68608292926636,
              0.789373364823018
            ],
            [
              110.68596604701781,
              0.789184740253666
            ],
            [
              110.68588516124915,
              0.78916663978675
            ],
            [
              110.68566815022814,
              0.789472481740716
            ],
            [
              110.68554764676021,
              0.789521042719939
            ],
            [
              110.68540132073045,
              0.789499381494726
            ],
            [
              110.68526116340684,
              0.789424186095744
            ],
            [
              110.68507981409321,
              0.789403954594953
            ],
            [
              110.68473222326358,
              0.789542187805556
            ],
            [
              110.68461874701161,
              0.789142813427388
            ],
            [
              110.68460968986821,
              0.788880579561302
            ],
            [
              110.68458716469698,
              0.788640956143506
            ],
            [
              110.68471727835559,
              0.788148095184537
            ],
            [
              110.68455276253816,
              0.78781711295897
            ],
            [
              110.68130154152287,
              0.787819389595065
            ],
            [
              110.67935830693195,
              0.787710367475338
            ],
            [
              110.67562578447523,
              0.787633660561013
            ],
            [
              110.67512946620964,
              0.787676160489004
            ],
            [
              110.67528503808221,
              0.787743865363649
            ],
            [
              110.6752582183594,
              0.788205049009722
            ],
            [
              110.6751504807526,
              0.788413060970288
            ],
            [
              110.67481815306307,
              0.788566880750814
            ],
            [
              110.67467785807472,
              0.788505330779506
            ],
            [
              110.674602314446,
              0.788469736983018
            ],
            [
              110.67447119455993,
              0.787890108349142
            ],
            [
              110.67455209209923,
              0.78775440746605
            ],
            [
              110.67453906642272,
              0.787726716480391
            ],
            [
              110.67286601844154,
              0.787869979263572
            ],
            [
              110.67230291867247,
              0.78791819723086
            ],
            [
              110.6722153325418,
              0.788061826122857
            ],
            [
              110.67209845614268,
              0.788568457117904
            ],
            [
              110.67209637252603,
              0.78881180543598
            ],
            [
              110.67233205822524,
              0.789482237538483
            ],
            [
              110.67229427716444,
              0.789806443772778
            ],
            [
              110.67231243456784,
              0.790489160713521
            ],
            [
              110.67217771861857,
              0.79059318978472
            ],
            [
              110.67178248145217,
              0.790647558163191
            ],
            [
              110.67135135020077,
              0.790837576912679
            ],
            [
              110.6712794810407,
              0.790819511968952
            ],
            [
              110.67119675573176,
              0.790528361159279
            ],
            [
              110.67132426431594,
              0.790349279889211
            ],
            [
              110.67113885202204,
              0.789610494881119
            ],
            [
              110.6707850002123,
              0.789336652598278
            ],
            [
              110.67046164977123,
              0.789472384469084
            ],
            [
              110.67029097508363,
              0.789481475515073
            ],
            [
              110.67022806619119,
              0.789382023820141
            ],
            [
              110.67005737759031,
              0.789341380092904
            ],
            [
              110.6699406047486,
              0.789364019876894
            ],
            [
              110.66991376441125,
              0.789752862915724
            ],
            [
              110.67021050375095,
              0.790824336829922
            ],
            [
              110.67016559754053,
              0.790855998967339
            ],
            [
              110.6700038779442,
              0.790765618018801
            ],
            [
              110.66959077060316,
              0.791163613376431
            ],
            [
              110.66939307585882,
              0.790919516945221
            ],
            [
              110.66861159368882,
              0.791064421552259
            ],
            [
              110.66857016809762,
              0.790879988666974
            ],
            [
              110.6683061355691,
              0.790937910483305
            ],
            [
              110.66836009692905,
              0.791163962430166
            ],
            [
              110.6682972840864,
              0.791408132859144
            ],
            [
              110.66801884327245,
              0.791525766780345
            ],
            [
              110.668072802146,
              0.791742776052451
            ],
            [
              110.66820757027993,
              0.791824122038027
            ],
            [
              110.66818963208055,
              0.79192359671755
            ],
            [
              110.66790227657626,
              0.792285385873026
            ],
            [
              110.66779447773747,
              0.7922763737702
            ],
            [
              110.66771364063247,
              0.79231256747262
            ],
            [
              110.66767633342045,
              0.79252170101158
            ],
            [
              110.66757746898631,
              0.792557874233907
            ],
            [
              110.66749654905347,
              0.79246741467722
            ],
            [
              110.66710110142904,
              0.792485473310013
            ],
            [
              110.66683784732734,
              0.792498191106939
            ],
            [
              110.66670872559132,
              0.792213645072403
            ],
            [
              110.66676137881747,
              0.792095812759315
            ],
            [
              110.66678664021136,
              0.791761642856118
            ],
            [
              110.66675074134989,
              0.791209786124848
            ],
            [
              110.66647809251864,
              0.790863244657936
            ],
            [
              110.6662418964179,
              0.790593017819373
            ],
            [
              110.66603155496861,
              0.79051161344051
            ],
            [
              110.66575150696723,
              0.790533142779109
            ],
            [
              110.66556481307353,
              0.790547495661972
            ],
            [
              110.6653925541987,
              0.790646270084591
            ],
            [
              110.6651492342884,
              0.790409870926767
            ],
            [
              110.66502089955547,
              0.790133436151862
            ],
            [
              110.66497095465971,
              0.790075994445465
            ],
            [
              110.66492827814275,
              0.790079809768321
            ],
            [
              110.66486538937471,
              0.790052699415998
            ],
            [
              110.66486537174534,
              0.789989400514645
            ],
            [
              110.66547404250448,
              0.789468512898962
            ],
            [
              110.66351674411179,
              0.789989349799235
            ],
            [
              110.6635915308692,
              0.79003372855338
            ],
            [
              110.66359060258975,
              0.790039972342998
            ],
            [
              110.6636096447922,
              0.790044477425788
            ],
            [
              110.66406082425812,
              0.790312209042091
            ],
            [
              110.66411473154756,
              0.790988712388074
            ],
            [
              110.66410928566832,
              0.791037711039099
            ],
            [
              110.66412728522108,
              0.791146256307484
            ],
            [
              110.66445976262197,
              0.791770499258195
            ],
            [
              110.66454068754608,
              0.791797641747236
            ],
            [
              110.66457841296668,
              0.791792897925807
            ],
            [
              110.66461257407245,
              0.791788602302397
            ],
            [
              110.66465686246825,
              0.791807707525363
            ],
            [
              110.66474737556861,
              0.791824794474206
            ],
            [
              110.66514432083542,
              0.791788723738032
            ],
            [
              110.66516337870841,
              0.79178699193274
            ],
            [
              110.66531552150447,
              0.791773166582809
            ],
            [
              110.66551039246154,
              0.791951581166471
            ],
            [
              110.66600467615156,
              0.792250116202502
            ],
            [
              110.6662922884634,
              0.792313547087009
            ],
            [
              110.66660680312464,
              0.792367844380336
            ],
            [
              110.66671470597078,
              0.792367853119444
            ],
            [
              110.66675060983546,
              0.792856392742478
            ],
            [
              110.66657081463089,
              0.792937785880638
            ],
            [
              110.66645399839865,
              0.793191135285908
            ],
            [
              110.66606743014343,
              0.794303856772539
            ],
            [
              110.66522263997041,
              0.793634345346587
            ],
            [
              110.66484520593175,
              0.793588997629942
            ],
            [
              110.66461921361828,
              0.793624332795993
            ],
            [
              110.66391949744964,
              0.793733737256392
            ],
            [
              110.66339824841508,
              0.793308475127142
            ],
            [
              110.6633896008382,
              0.793306540403668
            ],
            [
              110.66305669207135,
              0.793154586632292
            ],
            [
              110.66295782982188,
              0.793163623827193
            ],
            [
              110.66267925451302,
              0.793154555684913
            ],
            [
              110.66251747291724,
              0.793172723456644
            ],
            [
              110.66235569133008,
              0.793190800768491
            ],
            [
              110.66199168158482,
              0.793155009527975
            ],
            [
              110.66170549180083,
              0.793155123121563
            ],
            [
              110.66097785992031,
              0.792963565076196
            ],
            [
              110.6599731881033,
              0.792906032706926
            ],
            [
              110.6600603864215,
              0.793372729617629
            ],
            [
              110.66006634447595,
              0.793393699085131
            ],
            [
              110.66009093992066,
              0.793480262991748
            ],
            [
              110.66011433768097,
              0.79356261145354
            ],
            [
              110.660674982239,
              0.793959629076372
            ],
            [
              110.66086373673431,
              0.793986754444408
            ],
            [
              110.66089636717817,
              0.79406712025628
            ],
            [
              110.66094457352324,
              0.794185848076134
            ],
            [
              110.661088374553,
              0.794330595821581
            ],
            [
              110.6611367636159,
              0.794442286457924
            ],
            [
              110.66119621434096,
              0.794448217503854
            ],
            [
              110.661222112496,
              0.794343973200695
            ],
            [
              110.66122318552476,
              0.794339654084893
            ],
            [
              110.66137215912971,
              0.794258544963923
            ],
            [
              110.6614658391864,
              0.794402978191179
            ],
            [
              110.66170846058621,
              0.794547813386638
            ],
            [
              110.6619637827093,
              0.794762908334604
            ],
            [
              110.66222971901969,
              0.79485539640901
            ],
            [
              110.6629018967208,
              0.795234264930689
            ],
            [
              110.66299655762793,
              0.795379272649051
            ],
            [
              110.66275094543744,
              0.795561153688463
            ],
            [
              110.66256216366804,
              0.79587781415167
            ],
            [
              110.66225779180084,
              0.796089455589433
            ],
            [
              110.66202128155,
              0.79614045081437
            ],
            [
              110.66187803617423,
              0.796171336701725
            ],
            [
              110.66182886548033,
              0.796181938652267
            ],
            [
              110.66185330358527,
              0.79613145361334
            ],
            [
              110.66185772923787,
              0.795994607970325
            ],
            [
              110.6619998752311,
              0.79558231173744
            ],
            [
              110.6620136573554,
              0.795453386075446
            ],
            [
              110.6620164056203,
              0.795427677281923
            ],
            [
              110.66202243500436,
              0.795371275086566
            ],
            [
              110.66192325678325,
              0.795257805346234
            ],
            [
              110.66151299048956,
              0.795146579174852
            ],
            [
              110.66125908184937,
              0.795226263973286
            ],
            [
              110.66102540624458,
              0.795343833509268
            ],
            [
              110.6606748827288,
              0.795190034495338
            ],
            [
              110.6602794295484,
              0.795280454717494
            ],
            [
              110.66000984230688,
              0.795009073173813
            ],
            [
              110.65991994795087,
              0.795009066042941
            ],
            [
              110.65969523192662,
              0.795217089478357
            ],
            [
              110.65953345703831,
              0.795162803866094
            ],
            [
              110.65904837931454,
              0.794767734369704
            ],
            [
              110.65920470282818,
              0.794477802413507
            ],
            [
              110.6592023297979,
              0.79441795906727
            ],
            [
              110.65877858008443,
              0.794276121598807
            ],
            [
              110.65875728234236,
              0.794263069011816
            ],
            [
              110.65823157600562,
              0.793940883275263
            ],
            [
              110.65823540935494,
              0.793934545089747
            ],
            [
              110.65780001226824,
              0.793687119763938
            ],
            [
              110.65751142340982,
              0.793859842190488
            ],
            [
              110.65731379742603,
              0.794152098322665
            ],
            [
              110.65531873607623,
              0.795334430781093
            ],
            [
              110.6549138558646,
              0.796193761874562
            ],
            [
              110.65518378220892,
              0.797678443612028
            ],
            [
              110.6553095699486,
              0.797768835281655
            ],
            [
              110.65582181991809,
              0.798537322482471
            ],
            [
              110.65580393460428,
              0.798826694894976
            ],
            [
              110.65581651771295,
              0.798805970113193
            ],
            [
              110.65602809492553,
              0.798763260924832
            ],
            [
              110.65615392621463,
              0.798835633851487
            ],
            [
              110.65623979500572,
              0.798950940551809
            ],
            [
              110.65636955942585,
              0.799125191586938
            ],
            [
              110.65655791909086,
              0.79925614200144
            ],
            [
              110.65688171422714,
              0.799459334270011
            ],
            [
              110.6568730826352,
              0.799405126508797
            ],
            [
              110.65689101841792,
              0.799296608707806
            ],
            [
              110.65698981706572,
              0.79924232433411
            ],
            [
              110.65736710873824,
              0.799251260047056
            ],
            [
              110.65751085564531,
              0.799314518335649
            ],
            [
              110.65775346195261,
              0.799540517576964
            ],
            [
              110.65797814776217,
              0.799929290862404
            ],
            [
              110.65796020443044,
              0.800010680464056
            ],
            [
              110.6577266977329,
              0.800200643988353
            ],
            [
              110.65774455824678,
              0.80029242140461
            ],
            [
              110.65769964658975,
              0.800310508216993
            ],
            [
              110.65760973566361,
              0.800509497092998
            ],
            [
              110.6577355640413,
              0.800618051174684
            ],
            [
              110.65781641490358,
              0.800645193844615
            ],
            [
              110.65779847598296,
              0.800699464092179
            ],
            [
              110.65786062489522,
              0.800848530605014
            ],
            [
              110.65781616117465,
              0.800886284862504
            ],
            [
              110.65746121283678,
              0.801004777651767
            ],
            [
              110.65701982093529,
              0.801279370649925
            ],
            [
              110.6569185250791,
              0.80133274138152
            ],
            [
              110.65677303946991,
              0.801418635202212
            ],
            [
              110.65672975769742,
              0.801468404834635
            ],
            [
              110.65672078295518,
              0.801558856991138
            ],
            [
              110.65675938257965,
              0.801647343778513
            ],
            [
              110.6567188260003,
              0.801654896662238
            ],
            [
              110.65641968012372,
              0.801852530051773
            ],
            [
              110.65599806495737,
              0.802043233575573
            ],
            [
              110.65596148059525,
              0.80205978132047
            ],
            [
              110.65589118687414,
              0.802132782461659
            ],
            [
              110.65583699638294,
              0.802228733090727
            ],
            [
              110.65569615723793,
              0.802354937304739
            ],
            [
              110.65558733544032,
              0.802707784837053
            ],
            [
              110.65503020065007,
              0.803206997196468
            ],
            [
              110.65484979282256,
              0.80314795064568
            ],
            [
              110.65457173657094,
              0.80278006010467
            ],
            [
              110.65440103044097,
              0.802291509810124
            ],
            [
              110.65417889957335,
              0.802055411026564
            ],
            [
              110.65409799096896,
              0.801838408354606
            ],
            [
              110.65400812208321,
              0.801702792828218
            ],
            [
              110.65403501059471,
              0.801485759553627
            ],
            [
              110.65491528232684,
              0.801232313257646
            ],
            [
              110.65579560184123,
              0.801150678778017
            ],
            [
              110.65602008262259,
              0.800806991328091
            ],
            [
              110.6562446241877,
              0.800680329379467
            ],
            [
              110.65630745761764,
              0.800508499707845
            ],
            [
              110.65646292363203,
              0.800362164136185
            ],
            [
              110.65624444943865,
              0.800056381182659
            ],
            [
              110.65552117612829,
              0.799572800220004
            ],
            [
              110.65528311057399,
              0.799523132644711
            ],
            [
              110.65510340597756,
              0.799369457102567
            ],
            [
              110.65447799166164,
              0.799480686158198
            ],
            [
              110.65445422700077,
              0.799683588324145
            ],
            [
              110.654266417413,
              0.800002588093461
            ],
            [
              110.6538799011096,
              0.800445864893669
            ],
            [
              110.65371818433816,
              0.800572485191683
            ],
            [
              110.6537131532689,
              0.800636622103338
            ],
            [
              110.6532141186371,
              0.800719435104622
            ],
            [
              110.65317888527095,
              0.800653846904354
            ],
            [
              110.65306307859898,
              0.800573114294374
            ],
            [
              110.65303736879395,
              0.800592964345721
            ],
            [
              110.65307216583238,
              0.800742991650218
            ],
            [
              110.65303462565177,
              0.800768658495901
            ],
            [
              110.65262005229675,
              0.801052109157569
            ],
            [
              110.65287632332232,
              0.80195631047979
            ],
            [
              110.65163685578798,
              0.802671038410729
            ],
            [
              110.65152263797054,
              0.801888915094887
            ],
            [
              110.6514300498111,
              0.801974805779891
            ],
            [
              110.65132224504033,
              0.801947708075629
            ],
            [
              110.65125039793219,
              0.802011027627348
            ],
            [
              110.65107982516987,
              0.802390871197666
            ],
            [
              110.65100797047089,
              0.802427062529102
            ],
            [
              110.6508732062571,
              0.802363801480694
            ],
            [
              110.65082827558697,
              0.802309557731509
            ],
            [
              110.650668322904,
              0.802372226748623
            ],
            [
              110.65059477810165,
              0.802535692495828
            ],
            [
              110.65010969303026,
              0.802544872580468
            ],
            [
              110.64992996022958,
              0.802291726499491
            ],
            [
              110.64981620304022,
              0.802300919888373
            ],
            [
              110.64963768990818,
              0.802408717985905
            ],
            [
              110.6494886841335,
              0.802283700304974
            ],
            [
              110.64940402535288,
              0.802300132330978
            ],
            [
              110.64937705298044,
              0.802417742634729
            ],
            [
              110.64931412462568,
              0.80260772683739
            ],
            [
              110.64922424006603,
              0.802725331706932
            ],
            [
              110.6492601775489,
              0.802870088813992
            ],
            [
              110.64924488846754,
              0.802992223684661
            ],
            [
              110.64915231498476,
              0.803023880626536
            ],
            [
              110.64909838562797,
              0.803078158717821
            ],
            [
              110.64894559272321,
              0.803150522511683
            ],
            [
              110.64887368690857,
              0.803222893293471
            ],
            [
              110.64886469559296,
              0.803268128140141
            ],
            [
              110.64891232389265,
              0.803329200352331
            ],
            [
              110.64897251810895,
              0.80334952388626
            ],
            [
              110.6489055723146,
              0.803645027517076
            ],
            [
              110.64882872471418,
              0.803602869845725
            ],
            [
              110.64863996636706,
              0.803629989357957
            ],
            [
              110.64853214295292,
              0.803566663037307
            ],
            [
              110.64852749785408,
              0.803565332612666
            ],
            [
              110.64855233312022,
              0.828563995735314
            ],
            [
              110.65285696626648,
              0.828580790033304
            ],
            [
              110.65509782373942,
              0.83244299394451
            ],
            [
              110.65642125713666,
              0.836699670269598
            ],
            [
              110.66094851411653,
              0.837120665032007
            ],
            [
              110.66564813307082,
              0.837275795129282
            ],
            [
              110.6708876859407,
              0.837548566544098
            ],
            [
              110.67557658324745,
              0.837161269629677
            ],
            [
              110.67969445452772,
              0.839769186533839
            ],
            [
              110.68386558922535,
              0.843529323922911
            ],
            [
              110.6879367296988,
              0.845617254653655
            ],
            [
              110.69026956986242,
              0.844621253473251
            ],
            [
              110.69325749663808,
              0.845084406695552
            ],
            [
              110.69537406546102,
              0.847533684526191
            ],
            [
              110.70153625873833,
              0.84580432244565
            ]
          ],
          [
            [
              110.65786085746528,
              0.800966633926937
            ],
            [
              110.65790553223655,
              0.800928700562403
            ],
            [
              110.65834684715523,
              0.80133080793405
            ],
            [
              110.65849940207431,
              0.801577097255671
            ],
            [
              110.65852660268499,
              0.801665337431962
            ],
            [
              110.65846344636512,
              0.801730954671594
            ],
            [
              110.65839155069334,
              0.801848537442582
            ],
            [
              110.65838248536606,
              0.802138076507569
            ],
            [
              110.65852633134146,
              0.802138088591696
            ],
            [
              110.65857166807973,
              0.802198845115914
            ],
            [
              110.658018225825,
              0.802386680909126
            ],
            [
              110.65771835700322,
              0.802488455388353
            ],
            [
              110.65764647710746,
              0.802434219525729
            ],
            [
              110.65744440736471,
              0.802610610209302
            ],
            [
              110.65740732263471,
              0.802544489874012
            ],
            [
              110.65734085867196,
              0.802400302317044
            ],
            [
              110.65732286819525,
              0.802183213794594
            ],
            [
              110.65728694329744,
              0.801966033308268
            ],
            [
              110.65720611499015,
              0.801667531865813
            ],
            [
              110.65707132542765,
              0.801486524218685
            ],
            [
              110.65703764296019,
              0.801412000739157
            ],
            [
              110.65708292881925,
              0.80134641355908
            ],
            [
              110.65731521945811,
              0.801201903536095
            ],
            [
              110.65749948144193,
              0.801087272586009
            ],
            [
              110.65786085746528,
              0.800966633926937
            ]
          ]
        ]
      }
    },
    {
      "type": "Feature",
      "properties": {
        "Nama": "98",
        "Luas": 178.1,
        "Ket_1": "NIB 14.04.00.00.01154",
        "Ket_2": "Inti",
        "No_HGU": "No. 98",
        "Luas_Doc": 178.28,
        "id": "C"
      },
      "geometry": {
        "type": "Polygon",
        "coordinates": [
          [
            [
              110.69885125630579,
              0.792698981509712
            ],
            [
              110.69954712831807,
              0.792649922121156
            ],
            [
              110.70019153091002,
              0.792656567706417
            ],
            [
              110.70033771265264,
              0.792629780131929
            ],
            [
              110.70065881144761,
              0.792615115760072
            ],
            [
              110.7006228297757,
              0.792542726948694
            ],
            [
              110.70066320994718,
              0.792393512538499
            ],
            [
              110.70130974568255,
              0.79157949153132
            ],
            [
              110.70141457758899,
              0.791259298432291
            ],
            [
              110.70159694658955,
              0.79070227746995
            ],
            [
              110.70170108804648,
              0.790492459267435
            ],
            [
              110.70141717658232,
              0.790313498864081
            ],
            [
              110.70167310380398,
              0.790015019188038
            ],
            [
              110.70158770641245,
              0.789807064699568
            ],
            [
              110.70098565676257,
              0.789129046193011
            ],
            [
              110.70141500085545,
              0.788247386377493
            ],
            [
              110.7015306162196,
              0.78841015903806
            ],
            [
              110.70176109756267,
              0.788697249145703
            ],
            [
              110.70202932127903,
              0.788914599078993
            ],
            [
              110.70245469556227,
              0.789156915896988
            ],
            [
              110.70257213176131,
              0.789256884485213
            ],
            [
              110.70265585509503,
              0.789372408874813
            ],
            [
              110.70277826591683,
              0.789971930417007
            ],
            [
              110.70286120246767,
              0.790378120473735
            ],
            [
              110.70284805768527,
              0.790477695730085
            ],
            [
              110.70262062026205,
              0.790980005757977
            ],
            [
              110.7024583918113,
              0.791317708350192
            ],
            [
              110.70238569987227,
              0.79144412761753
            ],
            [
              110.70175808265657,
              0.792535627625362
            ],
            [
              110.70197915732291,
              0.792499561655097
            ],
            [
              110.702406860423,
              0.792452636931272
            ],
            [
              110.70289147779756,
              0.792443113767872
            ],
            [
              110.7033453699073,
              0.792470954451395
            ],
            [
              110.70363074552425,
              0.792503700871917
            ],
            [
              110.70395231641763,
              0.792431667307517
            ],
            [
              110.7042727321452,
              0.792462786586585
            ],
            [
              110.70465247921936,
              0.792534797723222
            ],
            [
              110.70486932578154,
              0.792250191965823
            ],
            [
              110.70499725362893,
              0.791906481203951
            ],
            [
              110.70526730773219,
              0.791372858900841
            ],
            [
              110.70529538133732,
              0.791359047312981
            ],
            [
              110.705392328677,
              0.791311351380542
            ],
            [
              110.70576617798216,
              0.79112742581021
            ],
            [
              110.70637115113254,
              0.791174984534167
            ],
            [
              110.70677164985092,
              0.791087102592721
            ],
            [
              110.70725450989464,
              0.790952283913866
            ],
            [
              110.70762127718605,
              0.790855929028715
            ],
            [
              110.70798021290622,
              0.790678213446246
            ],
            [
              110.70856151853987,
              0.790570639427892
            ],
            [
              110.70902271064074,
              0.790511742399135
            ],
            [
              110.70870853174998,
              0.785989738738016
            ],
            [
              110.70958459092209,
              0.782870622082498
            ],
            [
              110.68911200252593,
              0.782877712191411
            ],
            [
              110.68909798441112,
              0.784449490194784
            ],
            [
              110.69054622775207,
              0.784665014257066
            ],
            [
              110.69067684824809,
              0.78563921009161
            ],
            [
              110.69072017010303,
              0.78565580920206
            ],
            [
              110.69097831716331,
              0.78591552405955
            ],
            [
              110.69111785131437,
              0.786008847198471
            ],
            [
              110.69112155189454,
              0.786134274444575
            ],
            [
              110.69101382200088,
              0.786364892079117
            ],
            [
              110.69080397846132,
              0.786587374970494
            ],
            [
              110.69096848282646,
              0.78781428173183
            ],
            [
              110.69127986602517,
              0.788209662986001
            ],
            [
              110.69131096130316,
              0.788190544981538
            ],
            [
              110.6913201329944,
              0.788203570035239
            ],
            [
              110.69130068579706,
              0.788236098729973
            ],
            [
              110.69137559535953,
              0.788331215868018
            ],
            [
              110.69135671155668,
              0.788282678760954
            ],
            [
              110.69140594072171,
              0.788200335196248
            ],
            [
              110.69134879333951,
              0.788119175199206
            ],
            [
              110.69149897845953,
              0.787914511160493
            ],
            [
              110.69167003588424,
              0.787983331356405
            ],
            [
              110.69192761176359,
              0.787983257173187
            ],
            [
              110.69187656894673,
              0.787721036105272
            ],
            [
              110.6919663366607,
              0.787503987558419
            ],
            [
              110.69228965813996,
              0.787277829185918
            ],
            [
              110.69248727757198,
              0.787259687071755
            ],
            [
              110.69246932968736,
              0.787322990514818
            ],
            [
              110.69262210639722,
              0.787558054391478
            ],
            [
              110.6927838095032,
              0.787594178249015
            ],
            [
              110.69285566012246,
              0.787548944500549
            ],
            [
              110.693116226922,
              0.787765892030442
            ],
            [
              110.69335879442205,
              0.787865290791062
            ],
            [
              110.69387982766013,
              0.78794652397912
            ],
            [
              110.69394273650224,
              0.788045974494791
            ],
            [
              110.69368225721945,
              0.78813647571468
            ],
            [
              110.69330504867682,
              0.788398820160765
            ],
            [
              110.69293959670357,
              0.789079862994516
            ],
            [
              110.69288109023816,
              0.789131393821012
            ],
            [
              110.692758426429,
              0.789131429230586
            ],
            [
              110.69234204125289,
              0.789024540045892
            ],
            [
              110.69231809462397,
              0.78895229287395
            ],
            [
              110.6924425057311,
              0.788782226056935
            ],
            [
              110.69246112685498,
              0.78859423565847
            ],
            [
              110.69233557712232,
              0.788484824618982
            ],
            [
              110.69207137791534,
              0.788553616497463
            ],
            [
              110.69186678498389,
              0.788552955680386
            ],
            [
              110.69165629309771,
              0.788603387319033
            ],
            [
              110.69154057333884,
              0.788540697595751
            ],
            [
              110.69164263094022,
              0.788670285794451
            ],
            [
              110.6916550652008,
              0.788676279275662
            ],
            [
              110.69180357811966,
              0.788874648649897
            ],
            [
              110.69245418422759,
              0.789700759485813
            ],
            [
              110.69250856565458,
              0.789653687694165
            ],
            [
              110.69250417661944,
              0.789593900124644
            ],
            [
              110.69243197146375,
              0.789372212432971
            ],
            [
              110.6922434384604,
              0.78924938409159
            ],
            [
              110.69228252189089,
              0.789093248510782
            ],
            [
              110.69261036116946,
              0.789177407523887
            ],
            [
              110.69274829170683,
              0.789212815644398
            ],
            [
              110.69291367028498,
              0.789212767898857
            ],
            [
              110.69306111832677,
              0.789081418506504
            ],
            [
              110.69325681342468,
              0.78935883443287
            ],
            [
              110.69335439384808,
              0.789329334577206
            ],
            [
              110.69349728709662,
              0.78921862082539
            ],
            [
              110.6938532008924,
              0.789076857434206
            ],
            [
              110.69395203637096,
              0.789158212331718
            ],
            [
              110.69392512367075,
              0.789284816591164
            ],
            [
              110.6937906798399,
              0.789449193057822
            ],
            [
              110.693287422916,
              0.789592449507436
            ],
            [
              110.69290485940843,
              0.789898326822875
            ],
            [
              110.69271232290099,
              0.790029280341362
            ],
            [
              110.69285644678284,
              0.790216606520288
            ],
            [
              110.69510205049565,
              0.789854160223268
            ],
            [
              110.69520094284488,
              0.790134452245341
            ],
            [
              110.69535075355478,
              0.790086092428548
            ],
            [
              110.69561807010005,
              0.789852743940601
            ],
            [
              110.69583196328706,
              0.789807821652108
            ],
            [
              110.69601807784551,
              0.789964690289598
            ],
            [
              110.69629957459601,
              0.790201953402974
            ],
            [
              110.69637778170373,
              0.790396346581049
            ],
            [
              110.6963688997225,
              0.790749010469676
            ],
            [
              110.69645634932822,
              0.791068543257737
            ],
            [
              110.6965334595806,
              0.79135029543742
            ],
            [
              110.69665363979006,
              0.791426476064181
            ],
            [
              110.69702467684859,
              0.792355863911838
            ],
            [
              110.69733434001104,
              0.792587347610724
            ],
            [
              110.6975838863903,
              0.792623598211432
            ],
            [
              110.69796575902136,
              0.792644438814485
            ],
            [
              110.69837159087801,
              0.792712328354482
            ],
            [
              110.69885125630579,
              0.792698981509712
            ]
          ],
          [
            [
              110.69752758336793,
              0.790350800011892
            ],
            [
              110.69766231687333,
              0.790314590528114
            ],
            [
              110.69794083674161,
              0.790486318928905
            ],
            [
              110.69838995696202,
              0.790395762565157
            ],
            [
              110.69874932308751,
              0.7905674673665
            ],
            [
              110.69890209500339,
              0.790784445107244
            ],
            [
              110.6991087307274,
              0.790883853497566
            ],
            [
              110.69923457209136,
              0.791164137131247
            ],
            [
              110.69971979008415,
              0.791652295594217
            ],
            [
              110.69942347846418,
              0.792086426093358
            ],
            [
              110.69940557762736,
              0.79231249599917
            ],
            [
              110.69931341882044,
              0.792505098329989
            ],
            [
              110.69925051170095,
              0.79250926178837
            ],
            [
              110.69922982150345,
              0.792181871870812
            ],
            [
              110.69887187180797,
              0.792213393714772
            ],
            [
              110.6988920692741,
              0.792532986395731
            ],
            [
              110.69815703533115,
              0.792606038589797
            ],
            [
              110.69815692770374,
              0.792231476385506
            ],
            [
              110.69739292756734,
              0.790658287303399
            ],
            [
              110.69752758336793,
              0.790350800011892
            ]
          ]
        ]
      }
    },
    {
      "type": "Feature",
      "properties": {
        "Nama": "100",
        "Luas": 185.45,
        "Ket_1": "NIB 14.04.00.00.00018",
        "Ket_2": "Inti",
        "No_HGU": "No. 100",
        "Luas_Doc": 185.69,
        "id": "E"
      },
      "geometry": {
        "type": "Polygon",
        "coordinates": [
          [
            [
              110.71001363882385,
              0.79830988175342
            ],
            [
              110.7111067459128,
              0.794930824975034
            ],
            [
              110.70909727690771,
              0.790848591025741
            ],
            [
              110.70872320142279,
              0.790896362786863
            ],
            [
              110.70880361931313,
              0.791203026866977
            ],
            [
              110.70854919464063,
              0.791258052041967
            ],
            [
              110.70880158038312,
              0.792281486906069
            ],
            [
              110.70862126134499,
              0.792305453602713
            ],
            [
              110.7083038929325,
              0.791060328618034
            ],
            [
              110.7084986471754,
              0.791053079916837
            ],
            [
              110.70847391962252,
              0.790936228163505
            ],
            [
              110.7080884375014,
              0.791007561124158
            ],
            [
              110.70774091857044,
              0.791179624076085
            ],
            [
              110.7073432314281,
              0.791284102082398
            ],
            [
              110.70702849687206,
              0.791371978721491
            ],
            [
              110.70685368178246,
              0.791420788609329
            ],
            [
              110.70678826448783,
              0.791435143220397
            ],
            [
              110.706728845918,
              0.79144818152159
            ],
            [
              110.70663924916978,
              0.791478556446318
            ],
            [
              110.70680315126401,
              0.79233505071714
            ],
            [
              110.70671998650488,
              0.79276930928986
            ],
            [
              110.70662143749836,
              0.79320061984922
            ],
            [
              110.70644480655919,
              0.793601406063222
            ],
            [
              110.70630523669348,
              0.793911289284692
            ],
            [
              110.70581921153232,
              0.794133046122885
            ],
            [
              110.70521691934468,
              0.794204189716565
            ],
            [
              110.70499846174037,
              0.793965467652858
            ],
            [
              110.7046303539657,
              0.793010615727259
            ],
            [
              110.70463895770548,
              0.792911117669363
            ],
            [
              110.7046437509704,
              0.792882803919009
            ],
            [
              110.70422464842525,
              0.79280332989456
            ],
            [
              110.70397352103407,
              0.792778940040525
            ],
            [
              110.70364898790135,
              0.792851637197964
            ],
            [
              110.70331563865521,
              0.792813385921021
            ],
            [
              110.70288441722487,
              0.792786935858707
            ],
            [
              110.70242872733017,
              0.792795890629097
            ],
            [
              110.70202498467387,
              0.792840186623004
            ],
            [
              110.70140816756691,
              0.792940813634666
            ],
            [
              110.70081956304033,
              0.792951745664701
            ],
            [
              110.70037618984254,
              0.792971994535331
            ],
            [
              110.70022061249858,
              0.793000503856984
            ],
            [
              110.69955732051386,
              0.792993663557229
            ],
            [
              110.6988679039699,
              0.793042267916317
            ],
            [
              110.69834811119254,
              0.793056731381567
            ],
            [
              110.6979284263767,
              0.792986524504982
            ],
            [
              110.69755020303955,
              0.792965883106892
            ],
            [
              110.69702247303276,
              0.792889222557216
            ],
            [
              110.69542982021305,
              0.792728168827369
            ],
            [
              110.69500669425837,
              0.793714689403923
            ],
            [
              110.69458898254881,
              0.794831240741612
            ],
            [
              110.69465932901268,
              0.795161238599156
            ],
            [
              110.69483634284256,
              0.796468092713474
            ],
            [
              110.69531268126156,
              0.797497352421979
            ],
            [
              110.69588106906278,
              0.799064766437038
            ],
            [
              110.69596339654422,
              0.799798352760754
            ],
            [
              110.69570087571576,
              0.80022928631711
            ],
            [
              110.695592797457,
              0.800649430848452
            ],
            [
              110.69582464321182,
              0.802190316604187
            ],
            [
              110.69574529113783,
              0.802904969807266
            ],
            [
              110.7103997809688,
              0.802900628654886
            ],
            [
              110.71001363882385,
              0.79830988175342
            ]
          ],
          [
            [
              110.70231312832911,
              0.794716398299898
            ],
            [
              110.70201851742053,
              0.794045665553443
            ],
            [
              110.70187144733785,
              0.79352844280502
            ],
            [
              110.70187223276997,
              0.792908837628175
            ],
            [
              110.7024119765409,
              0.792834795443982
            ],
            [
              110.70275288002541,
              0.792829031080187
            ],
            [
              110.70259711107082,
              0.794778831684471
            ],
            [
              110.70277327114829,
              0.794750351651035
            ],
            [
              110.70284684715148,
              0.794955052856728
            ],
            [
              110.70280117990721,
              0.795176750649847
            ],
            [
              110.70268757181171,
              0.795154038631112
            ],
            [
              110.70264198883845,
              0.795233543798562
            ],
            [
              110.70261336836502,
              0.795432539036005
            ],
            [
              110.70248811083714,
              0.795608823474917
            ],
            [
              110.70207315837337,
              0.795802182533037
            ],
            [
              110.70193703243766,
              0.795620271011425
            ],
            [
              110.70181795126662,
              0.795444059288351
            ],
            [
              110.70181247981613,
              0.795267855828143
            ],
            [
              110.7018808172498,
              0.795148462416958
            ],
            [
              110.70214799223747,
              0.795000590649823
            ],
            [
              110.70231312832911,
              0.794716398299898
            ]
          ],
          [
            [
              110.69753624994945,
              0.793836209917507
            ],
            [
              110.69732537288773,
              0.7943307929244
            ],
            [
              110.6968255077771,
              0.794296836064281
            ],
            [
              110.69666108026307,
              0.794006921173381
            ],
            [
              110.69691238789227,
              0.792949540913504
            ],
            [
              110.69709410065606,
              0.792995052300059
            ],
            [
              110.69737800442674,
              0.793119989182691
            ],
            [
              110.69746299131852,
              0.793347394987709
            ],
            [
              110.69753624994945,
              0.793836209917507
            ]
          ]
        ]
      }
    },
    {
      "type": "Feature",
      "properties": {
        "Nama": "96",
        "Luas": 188.54,
        "Ket_1": "NIB 14.04.00.00.01152",
        "Ket_2": "Inti",
        "No_HGU": "No. 96",
        "Luas_Doc": 188.73,
        "id": "A"
      },
      "geometry": {
        "type": "Polygon",
        "coordinates": [
          [
            [
              110.69394015791683,
              0.802474170483508
            ],
            [
              110.69394011629575,
              0.802330619136402
            ],
            [
              110.69413607789943,
              0.802346252376621
            ],
            [
              110.69423575830724,
              0.802303656395293
            ],
            [
              110.69409625477444,
              0.801702764960622
            ],
            [
              110.6939407116628,
              0.801532339340369
            ],
            [
              110.69382109454865,
              0.801592210390675
            ],
            [
              110.69372600049844,
              0.801609335263332
            ],
            [
              110.69370513121186,
              0.800966989578674
            ],
            [
              110.69370339867481,
              0.800729548916299
            ],
            [
              110.69342757159819,
              0.800165964868264
            ],
            [
              110.6934697865075,
              0.799801177513687
            ],
            [
              110.6935418234973,
              0.799620627111486
            ],
            [
              110.69351037971346,
              0.799489098097935
            ],
            [
              110.69366758103854,
              0.799037708688421
            ],
            [
              110.6934788297282,
              0.798965331920644
            ],
            [
              110.69304743348891,
              0.799037662096156
            ],
            [
              110.69270594271572,
              0.798965273807977
            ],
            [
              110.69261606481746,
              0.798739043490805
            ],
            [
              110.69241418322461,
              0.798129198643398
            ],
            [
              110.6924131991211,
              0.798129237032519
            ],
            [
              110.6923044411189,
              0.798133479598136
            ],
            [
              110.69229931984627,
              0.798020880692916
            ],
            [
              110.69229135950854,
              0.798002365245156
            ],
            [
              110.68236290927479,
              0.798005250430247
            ],
            [
              110.6823664480117,
              0.810303244383998
            ],
            [
              110.69596146646172,
              0.810271667771572
            ],
            [
              110.69588601812384,
              0.809842029334529
            ],
            [
              110.69567993064474,
              0.809502781873843
            ],
            [
              110.69569056662591,
              0.80920050174172
            ],
            [
              110.6957344780806,
              0.808810492243438
            ],
            [
              110.69568998459192,
              0.808203808871951
            ],
            [
              110.69568976323562,
              0.80744767867844
            ],
            [
              110.69576335166957,
              0.807160281207899
            ],
            [
              110.69577018940461,
              0.807091245452327
            ],
            [
              110.6957441425865,
              0.806500866361222
            ],
            [
              110.695673277901,
              0.806207974328649
            ],
            [
              110.69549700190638,
              0.805965302957655
            ],
            [
              110.69541048468473,
              0.805212450117358
            ],
            [
              110.69542823654895,
              0.804241163302591
            ],
            [
              110.69536463911165,
              0.803239759017814
            ],
            [
              110.69540087780685,
              0.802913391864699
            ],
            [
              110.6952401205459,
              0.802891858912794
            ],
            [
              110.69470084187824,
              0.802674730604001
            ],
            [
              110.69426945325878,
              0.802638516865231
            ],
            [
              110.69394015791683,
              0.802474170483508
            ]
          ]
        ]
      }
    },
    {
      "type": "Feature",
      "properties": {
        "Nama": "04",
        "Luas": 18.39,
        "Ket_1": "NIB. 14.04.00.00.00268",
        "Ket_2": "Plasma",
        "No_HGU": "No. 289",
        "Luas_Doc": 18.4,
        "id": "Q"
      },
      "geometry": {
        "type": "Polygon",
        "coordinates": [
          [
            [
              110.70082163646073,
              0.826829092783773
            ],
            [
              110.70031637156892,
              0.825501153656078
            ],
            [
              110.69996697689284,
              0.825224534442535
            ],
            [
              110.69929915692784,
              0.824336967371504
            ],
            [
              110.69993000515161,
              0.824125948199593
            ],
            [
              110.69974751317793,
              0.823446468164984
            ],
            [
              110.69924669110596,
              0.823510029673834
            ],
            [
              110.69930181480235,
              0.823673548157216
            ],
            [
              110.69939168249572,
              0.823709736489671
            ],
            [
              110.69944470212265,
              0.823836407057269
            ],
            [
              110.6993458407455,
              0.823854495059966
            ],
            [
              110.69928292829368,
              0.823809255976904
            ],
            [
              110.69888747280592,
              0.823818264639119
            ],
            [
              110.69881124653115,
              0.823894991729721
            ],
            [
              110.69866278140654,
              0.823908722406608
            ],
            [
              110.698483037054,
              0.823836336658078
            ],
            [
              110.69829429188208,
              0.823854415686463
            ],
            [
              110.69819316902678,
              0.824090078118174
            ],
            [
              110.69872560046053,
              0.82520247172864
            ],
            [
              110.69895027351545,
              0.825410572977499
            ],
            [
              110.69898446442883,
              0.825596116498027
            ],
            [
              110.69756608588924,
              0.827219891066752
            ],
            [
              110.69747085558943,
              0.827785986289531
            ],
            [
              110.69746037590538,
              0.827972032678596
            ],
            [
              110.69787130683814,
              0.830673344741475
            ],
            [
              110.69808706606892,
              0.830721195575245
            ],
            [
              110.6981477264637,
              0.830292481337479
            ],
            [
              110.6984145233047,
              0.830273239527292
            ],
            [
              110.698414448127,
              0.83002415815119
            ],
            [
              110.6990239176019,
              0.82996396357819
            ],
            [
              110.69913844832561,
              0.829420394295329
            ],
            [
              110.69949911816676,
              0.829219478083898
            ],
            [
              110.69917108879054,
              0.829065650695563
            ],
            [
              110.69892394239525,
              0.828911825720348
            ],
            [
              110.6980791219984,
              0.828776055419187
            ],
            [
              110.69837489557747,
              0.827545675828507
            ],
            [
              110.70008373210142,
              0.827937699408602
            ],
            [
              110.70052122580745,
              0.828867424175723
            ],
            [
              110.70026072786041,
              0.829357792840209
            ],
            [
              110.70047934167768,
              0.829383085857276
            ],
            [
              110.70066270202248,
              0.830338950363317
            ],
            [
              110.7009206297135,
              0.830355601572008
            ],
            [
              110.70173632506794,
              0.831442787229613
            ],
            [
              110.70232194553522,
              0.831116063813309
            ],
            [
              110.70211976599285,
              0.830404724270518
            ],
            [
              110.7014418907022,
              0.830504062581172
            ],
            [
              110.70144178681983,
              0.830160722129433
            ],
            [
              110.70174754259074,
              0.829940275781802
            ],
            [
              110.70162515312386,
              0.829740458223186
            ],
            [
              110.70176260837468,
              0.829197220765385
            ],
            [
              110.70178855621235,
              0.828622453974221
            ],
            [
              110.70082163646073,
              0.826829092783773
            ]
          ]
        ]
      }
    },
    {
      "type": "Feature",
      "properties": {
        "Nama": "04",
        "Luas": 23.66,
        "Ket_1": "NIB. 14.04.00.00.00266",
        "Ket_2": "Plasma",
        "No_HGU": "No. 287",
        "Luas_Doc": 23.68,
        "id": "O"
      },
      "geometry": {
        "type": "Polygon",
        "coordinates": [
          [
            [
              110.70675728313554,
              0.823824781523299
            ],
            [
              110.70682938927526,
              0.823267674313985
            ],
            [
              110.70694550831777,
              0.822885592060335
            ],
            [
              110.70641520336073,
              0.822932409591695
            ],
            [
              110.70398553440374,
              0.823148834017381
            ],
            [
              110.7042035085926,
              0.82403887205652
            ],
            [
              110.70350704915738,
              0.824126218168132
            ],
            [
              110.70301016703685,
              0.823235811347959
            ],
            [
              110.70289836798625,
              0.82324571979325
            ],
            [
              110.7028420358277,
              0.823275740163865
            ],
            [
              110.70265327379158,
              0.823655703207479
            ],
            [
              110.70257240177295,
              0.824234775519847
            ],
            [
              110.70240157625355,
              0.824243755098387
            ],
            [
              110.70199711756685,
              0.824515137250331
            ],
            [
              110.70179936924438,
              0.824795580571777
            ],
            [
              110.70170395287721,
              0.82509830989336
            ],
            [
              110.70109831891921,
              0.825066944440937
            ],
            [
              110.70068224019325,
              0.825107160681214
            ],
            [
              110.7006091268175,
              0.825575855432719
            ],
            [
              110.70090903549665,
              0.826359115657527
            ],
            [
              110.70195677294903,
              0.828412838807286
            ],
            [
              110.702610176181,
              0.828221206425593
            ],
            [
              110.70354008209625,
              0.827572509096669
            ],
            [
              110.70437952800123,
              0.826725176391022
            ],
            [
              110.70526582685375,
              0.82655442945757
            ],
            [
              110.70595925555259,
              0.825771576768229
            ],
            [
              110.70668958101648,
              0.825309521358482
            ],
            [
              110.70641492792747,
              0.824782597994735
            ],
            [
              110.70621623617936,
              0.824686786981127
            ],
            [
              110.70617927216627,
              0.824422411670743
            ],
            [
              110.70635592980051,
              0.82438198918923
            ],
            [
              110.70675728313554,
              0.823824781523299
            ]
          ]
        ]
      }
    },
    {
      "type": "Feature",
      "properties": {
        "Nama": "04",
        "Luas": 34.93,
        "Ket_1": "NIB. 14.04.00.00.00264",
        "Ket_2": "Plasma",
        "No_HGU": "No. 285",
        "Luas_Doc": 34.96,
        "id": "M"
      },
      "geometry": {
        "type": "Polygon",
        "coordinates": [
          [
            [
              110.70222806504918,
              0.830156099095144
            ],
            [
              110.70263910737279,
              0.831250590972496
            ],
            [
              110.70331586831398,
              0.833167459276742
            ],
            [
              110.70354892425189,
              0.834141984496188
            ],
            [
              110.70373395551631,
              0.83403238246675
            ],
            [
              110.70395569812867,
              0.83392434020113
            ],
            [
              110.70392747519674,
              0.833178543861384
            ],
            [
              110.70419427007167,
              0.83315871372831
            ],
            [
              110.70456268624471,
              0.833414622603194
            ],
            [
              110.7051395425669,
              0.833914445507282
            ],
            [
              110.7055194701177,
              0.834883464485009
            ],
            [
              110.70578869119967,
              0.83506337362517
            ],
            [
              110.70606766348506,
              0.835462525693976
            ],
            [
              110.70631931665855,
              0.835444444179965
            ],
            [
              110.70649010672167,
              0.835109717123271
            ],
            [
              110.70706531382277,
              0.835046431320657
            ],
            [
              110.7071371523377,
              0.835462249319107
            ],
            [
              110.70751525248758,
              0.835451507353651
            ],
            [
              110.70799680994732,
              0.835236109311829
            ],
            [
              110.70813484429486,
              0.835005797893869
            ],
            [
              110.70908752715366,
              0.835010386023631
            ],
            [
              110.70980649409482,
              0.835526131314465
            ],
            [
              110.70978850095719,
              0.835788497468864
            ],
            [
              110.70959074811596,
              0.836105138519792
            ],
            [
              110.70961769938408,
              0.836258943963734
            ],
            [
              110.70974351797885,
              0.836385609158038
            ],
            [
              110.70997718689665,
              0.836485149379898
            ],
            [
              110.71012101491365,
              0.836168506976224
            ],
            [
              110.71004912049032,
              0.836068979850372
            ],
            [
              110.71031876558617,
              0.835815677674571
            ],
            [
              110.71077713174944,
              0.835788570570692
            ],
            [
              110.71062437461426,
              0.83534525279005
            ],
            [
              110.71069629887872,
              0.835073836488741
            ],
            [
              110.71065140746337,
              0.834413391728094
            ],
            [
              110.71079522370991,
              0.834232460046507
            ],
            [
              110.7108042150617,
              0.834141986571275
            ],
            [
              110.71059751414087,
              0.834015310229508
            ],
            [
              110.71047172886047,
              0.833436282430883
            ],
            [
              110.71002121532143,
              0.833285713803295
            ],
            [
              110.70977950156792,
              0.833466533714826
            ],
            [
              110.70935795061537,
              0.833447966354259
            ],
            [
              110.70919552517044,
              0.833047160044233
            ],
            [
              110.70855534409802,
              0.833034117888552
            ],
            [
              110.70829679479156,
              0.832658065104522
            ],
            [
              110.70807210809762,
              0.832585667372221
            ],
            [
              110.70776651204582,
              0.832856826492307
            ],
            [
              110.70742498014972,
              0.832992745921254
            ],
            [
              110.70656219540639,
              0.832594605708165
            ],
            [
              110.7065532238373,
              0.832395563596343
            ],
            [
              110.706155595028,
              0.831958430083387
            ],
            [
              110.70569063791201,
              0.829337552312262
            ],
            [
              110.70553786820744,
              0.829084226468503
            ],
            [
              110.70676922924731,
              0.828197695900824
            ],
            [
              110.70687709795438,
              0.827962474864163
            ],
            [
              110.70717369535556,
              0.827953449913275
            ],
            [
              110.70727257368297,
              0.827663949178571
            ],
            [
              110.70694909271427,
              0.826786350196881
            ],
            [
              110.70662554263637,
              0.82672298849795
            ],
            [
              110.7064278128257,
              0.826704882474159
            ],
            [
              110.7065217352754,
              0.825601077429902
            ],
            [
              110.70608119486681,
              0.825918702576676
            ],
            [
              110.70579605170248,
              0.826484053777594
            ],
            [
              110.70532297043276,
              0.826738339877154
            ],
            [
              110.70447327926094,
              0.826988717423381
            ],
            [
              110.70387472574794,
              0.827615169515512
            ],
            [
              110.70411809837569,
              0.827674152450987
            ],
            [
              110.70420544349487,
              0.828261350972184
            ],
            [
              110.70442564369547,
              0.828446722185842
            ],
            [
              110.704581087117,
              0.829114193784384
            ],
            [
              110.7045523250829,
              0.829346099796967
            ],
            [
              110.70473503499352,
              0.829703551630342
            ],
            [
              110.70495613774871,
              0.829896731594699
            ],
            [
              110.70500854575276,
              0.831169175118411
            ],
            [
              110.70425907030824,
              0.831436589201737
            ],
            [
              110.70387067099955,
              0.831457261258389
            ],
            [
              110.70385696234615,
              0.831196932413723
            ],
            [
              110.70327082835665,
              0.830806612572559
            ],
            [
              110.70311415443558,
              0.830977932156122
            ],
            [
              110.70275967943749,
              0.830519032323613
            ],
            [
              110.70282773658121,
              0.830238126146959
            ],
            [
              110.70243923329076,
              0.829923104385583
            ],
            [
              110.70222806504918,
              0.830156099095144
            ]
          ]
        ]
      }
    },
    {
      "type": "Feature",
      "properties": {
        "Nama": "04",
        "Luas": 6.33,
        "Ket_1": "NIB. 14.04.00.00.00267",
        "Ket_2": "Plasma",
        "No_HGU": "No. 288",
        "Luas_Doc": 6.33,
        "id": "P"
      },
      "geometry": {
        "type": "Polygon",
        "coordinates": [
          [
            [
              110.7021672110345,
              0.833453754142617
            ],
            [
              110.7027725648073,
              0.832399368296603
            ],
            [
              110.7024363910958,
              0.831370613557434
            ],
            [
              110.7022302834879,
              0.831354817121321
            ],
            [
              110.7017449191092,
              0.831789045782889
            ],
            [
              110.70148637401279,
              0.831868333210247
            ],
            [
              110.7011876234138,
              0.832684667105614
            ],
            [
              110.70094649587071,
              0.833052769575797
            ],
            [
              110.70042365648405,
              0.833019359366406
            ],
            [
              110.70016481727421,
              0.83345662955344
            ],
            [
              110.7009302904834,
              0.834985440808733
            ],
            [
              110.70151101321012,
              0.834828870782684
            ],
            [
              110.70199637029387,
              0.834457975788223
            ],
            [
              110.70210421299996,
              0.834611783973883
            ],
            [
              110.70231990541912,
              0.834675133189431
            ],
            [
              110.70240086247595,
              0.83376137407021
            ],
            [
              110.7021672110345,
              0.833453754142617
            ]
          ]
        ]
      }
    },
    {
      "type": "Feature",
      "properties": {
        "Nama": "03",
        "Luas": 114.1,
        "Ket_1": "NIB. 14.04.00.00.00263",
        "Ket_2": "Plasma",
        "No_HGU": "No. 282",
        "Luas_Doc": 113.42,
        "id": "K"
      },
      "geometry": {
        "type": "Polygon",
        "coordinates": [
          [
            [
              110.71989884372746,
              0.848632554353774
            ],
            [
              110.71990900695258,
              0.844919554019194
            ],
            [
              110.71987648550821,
              0.839972448574043
            ],
            [
              110.7198979629634,
              0.835676034588151
            ],
            [
              110.7198096737271,
              0.83554495473087
            ],
            [
              110.7196748687055,
              0.835436378140085
            ],
            [
              110.71954006311732,
              0.83535494717361
            ],
            [
              110.71929739622509,
              0.835409214797683
            ],
            [
              110.7190547112677,
              0.835608235080299
            ],
            [
              110.71889293139282,
              0.83573488090184
            ],
            [
              110.71874012887262,
              0.835843438885439
            ],
            [
              110.71873113284673,
              0.83603342506103
            ],
            [
              110.71866820030661,
              0.836214367488351
            ],
            [
              110.71856034570963,
              0.836313877972907
            ],
            [
              110.71850640965562,
              0.836422441259591
            ],
            [
              110.71821880652956,
              0.836494798982592
            ],
            [
              110.71803005355288,
              0.836630495814726
            ],
            [
              110.71801208379506,
              0.836530970375926
            ],
            [
              110.71798514182633,
              0.836350028857665
            ],
            [
              110.71781438762851,
              0.836214308698607
            ],
            [
              110.71771552570684,
              0.836141917994477
            ],
            [
              110.71762565750956,
              0.83598811462488
            ],
            [
              110.71757175208934,
              0.835789069309655
            ],
            [
              110.71745491646064,
              0.835662401905989
            ],
            [
              110.7174459392494,
              0.835535737012401
            ],
            [
              110.71741899052329,
              0.835390983629892
            ],
            [
              110.71736506876422,
              0.835255272138214
            ],
            [
              110.7173021594788,
              0.835191939818818
            ],
            [
              110.71735609844137,
              0.835092419048832
            ],
            [
              110.71723027547274,
              0.835038130777531
            ],
            [
              110.71694266201507,
              0.835164770585676
            ],
            [
              110.71685278411253,
              0.83518285652548
            ],
            [
              110.71671796547324,
              0.835291408875531
            ],
            [
              110.71667302372778,
              0.835291413840014
            ],
            [
              110.71654717946686,
              0.835517579565672
            ],
            [
              110.71635843330469,
              0.835617088130224
            ],
            [
              110.71634045660608,
              0.83569851266504
            ],
            [
              110.71624159633114,
              0.835689455739665
            ],
            [
              110.71607981261654,
              0.835716588541845
            ],
            [
              110.71587309952744,
              0.83572561411082
            ],
            [
              110.71572030775592,
              0.835752744101797
            ],
            [
              110.71564840135011,
              0.835788927589574
            ],
            [
              110.71549554019249,
              0.835824087367555
            ],
            [
              110.71549881845428,
              0.835735107832607
            ],
            [
              110.71542661345377,
              0.835589699281926
            ],
            [
              110.71524330450484,
              0.835231771541689
            ],
            [
              110.71503220217217,
              0.835047197756323
            ],
            [
              110.71485442816746,
              0.835013632925628
            ],
            [
              110.71454331329635,
              0.834957684066998
            ],
            [
              110.71441554357239,
              0.834940904684538
            ],
            [
              110.71423775711864,
              0.835013589614622
            ],
            [
              110.71407663180302,
              0.835226094110689
            ],
            [
              110.71400994407661,
              0.835494524471126
            ],
            [
              110.71413214776096,
              0.835695854701516
            ],
            [
              110.71402102437673,
              0.835858031005721
            ],
            [
              110.71445433978926,
              0.836249528342409
            ],
            [
              110.71421544205204,
              0.836350173827821
            ],
            [
              110.71433764191072,
              0.836685731398359
            ],
            [
              110.71415428940168,
              0.836915007778001
            ],
            [
              110.7141876026607,
              0.83713311241301
            ],
            [
              110.71433759591915,
              0.83732326635134
            ],
            [
              110.71441534563681,
              0.837709150391322
            ],
            [
              110.71453739549187,
              0.837645461907466
            ],
            [
              110.71453739214076,
              0.837722006967488
            ],
            [
              110.71439000151852,
              0.837815408090595
            ],
            [
              110.71431809321321,
              0.837933019661606
            ],
            [
              110.71437201268515,
              0.83803253402491
            ],
            [
              110.71450681756346,
              0.838141110882201
            ],
            [
              110.71442591266288,
              0.838331101720621
            ],
            [
              110.71433602942982,
              0.838448709874319
            ],
            [
              110.71444386745226,
              0.838557277050243
            ],
            [
              110.71415625199411,
              0.838765345198757
            ],
            [
              110.71413052588876,
              0.838827475457937
            ],
            [
              110.71408434873916,
              0.83878343464232
            ],
            [
              110.71375182484013,
              0.838548179306661
            ],
            [
              110.71378711944018,
              0.838987084017691
            ],
            [
              110.71278112571508,
              0.839081892612441
            ],
            [
              110.7127002413618,
              0.839018556767995
            ],
            [
              110.71260138141987,
              0.838982363193121
            ],
            [
              110.71242162435291,
              0.839045680896462
            ],
            [
              110.71217895257685,
              0.839145179354636
            ],
            [
              110.71203515567662,
              0.839154212496926
            ],
            [
              110.71193629829115,
              0.839009454120637
            ],
            [
              110.7118221637479,
              0.838932546702145
            ],
            [
              110.71168464202313,
              0.839045621382506
            ],
            [
              110.71156780586075,
              0.839063706727798
            ],
            [
              110.71150488089313,
              0.839154178923881
            ],
            [
              110.71152285115197,
              0.83922655889461
            ],
            [
              110.71164867865164,
              0.839235616458613
            ],
            [
              110.71166664699356,
              0.839389415496406
            ],
            [
              110.71158573957415,
              0.839543209206459
            ],
            [
              110.71154079789815,
              0.839660821523264
            ],
            [
              110.7115767396978,
              0.839751299056942
            ],
            [
              110.71172894182641,
              0.839820607879818
            ],
            [
              110.7116845740834,
              0.84002272259583
            ],
            [
              110.71160366878155,
              0.840212704587327
            ],
            [
              110.7112530856364,
              0.841135488280835
            ],
            [
              110.71121713162842,
              0.841180721287069
            ],
            [
              110.71119915536838,
              0.841235009307949
            ],
            [
              110.71107332308996,
              0.841298328365172
            ],
            [
              110.71100141358387,
              0.841325460388545
            ],
            [
              110.71100141441553,
              0.841415931068499
            ],
            [
              110.71090253601484,
              0.84152449061531
            ],
            [
              110.71081266264686,
              0.841587816531327
            ],
            [
              110.71079467331457,
              0.841687335387436
            ],
            [
              110.71075872272402,
              0.84171447426566
            ],
            [
              110.71074051131899,
              0.841763626203547
            ],
            [
              110.71081264568097,
              0.841795903636649
            ],
            [
              110.7108216273713,
              0.841850183240786
            ],
            [
              110.71085756651051,
              0.841931609186143
            ],
            [
              110.71094744246915,
              0.842022087938213
            ],
            [
              110.71099237484094,
              0.84204923769817
            ],
            [
              110.71106427753179,
              0.842058284886332
            ],
            [
              110.71113706897766,
              0.842094486561147
            ],
            [
              110.71125301079101,
              0.842175914591678
            ],
            [
              110.71132489663297,
              0.842275441487504
            ],
            [
              110.71136084825476,
              0.842338773269691
            ],
            [
              110.71148667644033,
              0.842320684973387
            ],
            [
              110.71372575213634,
              0.842324061798237
            ],
            [
              110.71370647769938,
              0.844184569946286
            ],
            [
              110.7136753026143,
              0.844200386097607
            ],
            [
              110.71354470674818,
              0.844139326700419
            ],
            [
              110.71350875004786,
              0.844175508149052
            ],
            [
              110.71340988930999,
              0.844166451454565
            ],
            [
              110.71334696900726,
              0.84418454725421
            ],
            [
              110.71333798544975,
              0.844211686734986
            ],
            [
              110.71328405431916,
              0.844220728129787
            ],
            [
              110.713231901817,
              0.844229750880479
            ],
            [
              110.71293913957277,
              0.844267505007895
            ],
            [
              110.71256380091368,
              0.844377046656469
            ],
            [
              110.71244369663467,
              0.844429928980196
            ],
            [
              110.71222224613771,
              0.844482806952769
            ],
            [
              110.71203457679849,
              0.844581022670963
            ],
            [
              110.71209766431394,
              0.844609667726543
            ],
            [
              110.71215764800903,
              0.844652166929717
            ],
            [
              110.71234032154682,
              0.844781580686109
            ],
            [
              110.71241552964972,
              0.844876241519451
            ],
            [
              110.71235828192266,
              0.844908242973791
            ],
            [
              110.71223245194902,
              0.845007759508718
            ],
            [
              110.71220548440982,
              0.845034895607794
            ],
            [
              110.71214256970116,
              0.845071076499858
            ],
            [
              110.71205268464975,
              0.845125359993459
            ],
            [
              110.71198977274246,
              0.845170583429556
            ],
            [
              110.71195552411942,
              0.845182078218221
            ],
            [
              110.71193584440755,
              0.845188676414318
            ],
            [
              110.71189090187984,
              0.845215818162594
            ],
            [
              110.71182799334632,
              0.845242956512201
            ],
            [
              110.71181900359473,
              0.845279138553921
            ],
            [
              110.71182798883436,
              0.845315333034168
            ],
            [
              110.71185494345079,
              0.845333427738846
            ],
            [
              110.71189089903507,
              0.845351519615059
            ],
            [
              110.71194482400196,
              0.845351529800299
            ],
            [
              110.71198076836737,
              0.845333433420184
            ],
            [
              110.71201672732839,
              0.845333440206972
            ],
            [
              110.71208861716401,
              0.845387727131034
            ],
            [
              110.7120796274167,
              0.845423918212874
            ],
            [
              110.71213355405447,
              0.845487253320426
            ],
            [
              110.7121784830954,
              0.845532488082596
            ],
            [
              110.71225936886279,
              0.845541541370264
            ],
            [
              110.7123941919546,
              0.845532501657939
            ],
            [
              110.71241216357375,
              0.845550599176786
            ],
            [
              110.71234924548409,
              0.845604874209113
            ],
            [
              110.7123402495617,
              0.845650116875222
            ],
            [
              110.71230429564227,
              0.845695349932597
            ],
            [
              110.7123132864944,
              0.845749629486259
            ],
            [
              110.71225935534389,
              0.845758670900965
            ],
            [
              110.71220543431156,
              0.845713429929433
            ],
            [
              110.7121245491107,
              0.845677239974507
            ],
            [
              110.71198074975844,
              0.845650085206338
            ],
            [
              110.71196276688498,
              0.845740561504496
            ],
            [
              110.71197175155213,
              0.845803883610881
            ],
            [
              110.71203465501672,
              0.845876267478074
            ],
            [
              110.71204363911966,
              0.845966744339036
            ],
            [
              110.71211553343596,
              0.846093407756089
            ],
            [
              110.7120705903254,
              0.846147686191154
            ],
            [
              110.71208855800234,
              0.846211023552799
            ],
            [
              110.71210653242477,
              0.846238163612492
            ],
            [
              110.7121334920892,
              0.846301498143655
            ],
            [
              110.71213348757625,
              0.846373874657051
            ],
            [
              110.71217842223297,
              0.846437203530123
            ],
            [
              110.71224133473189,
              0.846364834352416
            ],
            [
              110.7123402073322,
              0.846238180525329
            ],
            [
              110.71236717374667,
              0.846265326794435
            ],
            [
              110.71241210954237,
              0.846274373282398
            ],
            [
              110.71243907091295,
              0.846256279715362
            ],
            [
              110.71244805558933,
              0.846319610850126
            ],
            [
              110.71248400444375,
              0.846373899999464
            ],
            [
              110.71243007552133,
              0.846419129679764
            ],
            [
              110.71231322905878,
              0.846491497745601
            ],
            [
              110.71233120291657,
              0.846545783511446
            ],
            [
              110.71235815697595,
              0.846591023907911
            ],
            [
              110.71230422804881,
              0.846636253592851
            ],
            [
              110.71226828423772,
              0.846627204279111
            ],
            [
              110.71220536783498,
              0.846600060283904
            ],
            [
              110.71218739397915,
              0.846545774515307
            ],
            [
              110.71210651042658,
              0.84657290951169
            ],
            [
              110.71212447810096,
              0.846636237826806
            ],
            [
              110.71215143439183,
              0.846717666482264
            ],
            [
              110.71221433672957,
              0.846844332702487
            ],
            [
              110.71225926407337,
              0.846970995533081
            ],
            [
              110.7122053311948,
              0.847061465066959
            ],
            [
              110.71225926122345,
              0.847106706008356
            ],
            [
              110.7122412721575,
              0.847206224851819
            ],
            [
              110.7122502573969,
              0.847242410276072
            ],
            [
              110.71227230348427,
              0.847306144212149
            ],
            [
              110.71228619498582,
              0.84740526418346
            ],
            [
              110.71233113640142,
              0.847432404778396
            ],
            [
              110.71234011208921,
              0.847495735914437
            ],
            [
              110.71235758715696,
              0.847505794757309
            ],
            [
              110.71233109481673,
              0.847559081762452
            ],
            [
              110.71231318752326,
              0.847748555788998
            ],
            [
              110.71231314275396,
              0.847749026015281
            ],
            [
              110.71231336749167,
              0.847749550411892
            ],
            [
              110.71246585827103,
              0.84811094177477
            ],
            [
              110.71261867608642,
              0.848165230209202
            ],
            [
              110.71284338441124,
              0.848101924842832
            ],
            [
              110.71320288162872,
              0.848237639402597
            ],
            [
              110.71321536193642,
              0.848247012576841
            ],
            [
              110.7131669192762,
              0.848255762957807
            ],
            [
              110.71271752390007,
              0.848509050681642
            ],
            [
              110.71290095754095,
              0.848510882682738
            ],
            [
              110.71280739160136,
              0.848572383401696
            ],
            [
              110.71273548426478,
              0.848635712922657
            ],
            [
              110.71271889180849,
              0.848643702230536
            ],
            [
              110.71621803298389,
              0.848627801255502
            ],
            [
              110.71989884372746,
              0.848632554353774
            ]
          ]
        ]
      }
    },
    {
      "type": "Feature",
      "properties": {
        "Nama": "04",
        "Luas": 24.3,
        "Ket_1": "NIB. 14.04.00.00.00265",
        "Ket_2": "Plasma",
        "No_HGU": "No. 286",
        "Luas_Doc": 24.34,
        "id": "N"
      },
      "geometry": {
        "type": "Polygon",
        "coordinates": [
          [
            [
              110.7141607813165,
              0.829749953822551
            ],
            [
              110.71406510916975,
              0.829147572226398
            ],
            [
              110.71337690372559,
              0.8287080113412
            ],
            [
              110.71276650484275,
              0.828246528038718
            ],
            [
              110.71114247963698,
              0.828212567249473
            ],
            [
              110.71113271448918,
              0.823473572992358
            ],
            [
              110.71112640616575,
              0.823265580429835
            ],
            [
              110.71113228324309,
              0.823264312363054
            ],
            [
              110.711131285604,
              0.822780218621635
            ],
            [
              110.7107343470957,
              0.822906757528172
            ],
            [
              110.71001431425462,
              0.823992831811126
            ],
            [
              110.70964704926156,
              0.824257626686426
            ],
            [
              110.70958294415004,
              0.824638971233453
            ],
            [
              110.70917811545961,
              0.825785127661117
            ],
            [
              110.70911468568524,
              0.826400882682974
            ],
            [
              110.71051703948635,
              0.828279393236319
            ],
            [
              110.71033380442175,
              0.829530947866373
            ],
            [
              110.71063541789839,
              0.829614239130546
            ],
            [
              110.71091237170567,
              0.829962198273754
            ],
            [
              110.71056182917235,
              0.83031501091173
            ],
            [
              110.71064270405554,
              0.830554767237827
            ],
            [
              110.71093031177786,
              0.830495983364473
            ],
            [
              110.71156305480552,
              0.830440209776637
            ],
            [
              110.71274090338679,
              0.83033527524183
            ],
            [
              110.71321949553123,
              0.830548951901926
            ],
            [
              110.71354916962224,
              0.830623687894775
            ],
            [
              110.71355996028741,
              0.831136862482023
            ],
            [
              110.71342147004404,
              0.831422777612443
            ],
            [
              110.7135372943722,
              0.831666068902324
            ],
            [
              110.71393712716743,
              0.831560150685093
            ],
            [
              110.7142209298848,
              0.832292698188067
            ],
            [
              110.71410816665788,
              0.83259516279182
            ],
            [
              110.71433731718103,
              0.833020393860208
            ],
            [
              110.71485858484839,
              0.833183287092961
            ],
            [
              110.71513625981488,
              0.833007264850573
            ],
            [
              110.71538946974222,
              0.832770728956317
            ],
            [
              110.71557024187508,
              0.832302304438267
            ],
            [
              110.71546614523166,
              0.832074973668276
            ],
            [
              110.71571971543946,
              0.831343620784806
            ],
            [
              110.71507364849793,
              0.829609665347222
            ],
            [
              110.7147532010538,
              0.829880796668792
            ],
            [
              110.71437409774285,
              0.829944442014385
            ],
            [
              110.7141607813165,
              0.829749953822551
            ]
          ]
        ]
      }
    },
    {
      "type": "Feature",
      "properties": {
        "Nama": "99",
        "Luas": 180.22,
        "Ket_1": "NIB 14.04.00.00.01155",
        "Ket_2": "Inti",
        "No_HGU": "No. 99",
        "Luas_Doc": 168.27,
        "id": "D"
      },
      "geometry": {
        "type": "Polygon",
        "coordinates": [
          [
            [
              110.648536411799,
              0.828536564458587
            ],
            [
              110.64853640981237,
              0.828536564450074
            ],
            [
              110.64851910895031,
              0.800812550303755
            ],
            [
              110.64841093331158,
              0.800805376852467
            ],
            [
              110.64832551975705,
              0.800493026535444
            ],
            [
              110.6484681921949,
              0.800123190764738
            ],
            [
              110.64851868557257,
              0.800132558440351
            ],
            [
              110.64851865103815,
              0.800077355095489
            ],
            [
              110.64843407913084,
              0.80006166507369
            ],
            [
              110.64826879391087,
              0.800490117736643
            ],
            [
              110.64833480755597,
              0.800731524203177
            ],
            [
              110.64778554285691,
              0.800840568183822
            ],
            [
              110.64756087286877,
              0.800650559147794
            ],
            [
              110.64722040996729,
              0.800186644346137
            ],
            [
              110.64747965961476,
              0.800129381526258
            ],
            [
              110.64750823675207,
              0.800158153359836
            ],
            [
              110.64769747427553,
              0.80017935378851
            ],
            [
              110.64796429857182,
              0.799955978858287
            ],
            [
              110.64819864012117,
              0.799832133571794
            ],
            [
              110.64850955683295,
              0.799429800231216
            ],
            [
              110.64851824474667,
              0.799427934582199
            ],
            [
              110.6485182100261,
              0.799372440144282
            ],
            [
              110.64847906802653,
              0.799380846244683
            ],
            [
              110.648163242366,
              0.799789531878961
            ],
            [
              110.647934193896,
              0.799910579868656
            ],
            [
              110.64768063513716,
              0.800122849409326
            ],
            [
              110.64753299820661,
              0.800106309528642
            ],
            [
              110.64749692766897,
              0.800069993242461
            ],
            [
              110.6471801013558,
              0.800139973544554
            ],
            [
              110.64686890361435,
              0.799899588002873
            ],
            [
              110.64683296929843,
              0.799718642429625
            ],
            [
              110.64673410508084,
              0.799745775235205
            ],
            [
              110.64671851968896,
              0.799938040627135
            ],
            [
              110.6468114930323,
              0.800242677980007
            ],
            [
              110.64668911832916,
              0.800324787201924
            ],
            [
              110.64642843278801,
              0.800903780437284
            ],
            [
              110.64655422294626,
              0.80130186475679
            ],
            [
              110.64631394913707,
              0.801749678253973
            ],
            [
              110.64635645950571,
              0.801763250824385
            ],
            [
              110.64636544152148,
              0.801826581462704
            ],
            [
              110.64633846286856,
              0.802016568688432
            ],
            [
              110.64628452807257,
              0.802134176588256
            ],
            [
              110.64634742002806,
              0.802369407243071
            ],
            [
              110.64641930798147,
              0.80250512033508
            ],
            [
              110.64640131987191,
              0.802658919852221
            ],
            [
              110.64652713409207,
              0.802776543393553
            ],
            [
              110.64631143680992,
              0.802758430375151
            ],
            [
              110.64611370899321,
              0.802803648766845
            ],
            [
              110.64611370432671,
              0.802857931499613
            ],
            [
              110.64588000100954,
              0.803201701766742
            ],
            [
              110.64605972124714,
              0.803536460955513
            ],
            [
              110.64597881937432,
              0.803708349217915
            ],
            [
              110.64603271916509,
              0.803997861826331
            ],
            [
              110.64586192245858,
              0.804404967403094
            ],
            [
              110.64547545333406,
              0.804504451962596
            ],
            [
              110.64484633937072,
              0.804413925684601
            ],
            [
              110.64448684906425,
              0.804323422971317
            ],
            [
              110.64455878311766,
              0.803925355971248
            ],
            [
              110.64463069446745,
              0.803789655461142
            ],
            [
              110.64462173047198,
              0.803518241055304
            ],
            [
              110.64451389513017,
              0.803355383441118
            ],
            [
              110.64445097906378,
              0.803400613533802
            ],
            [
              110.6441903609873,
              0.803192506931608
            ],
            [
              110.64404657861046,
              0.802997981246115
            ],
            [
              110.64395669119828,
              0.803147250847907
            ],
            [
              110.64383087629682,
              0.803038674374866
            ],
            [
              110.64390279937555,
              0.802767267081663
            ],
            [
              110.64381808983032,
              0.802426053859852
            ],
            [
              110.64367815229652,
              0.802314891393545
            ],
            [
              110.6432647774872,
              0.801762980850895
            ],
            [
              110.64329175626538,
              0.80157299370817
            ],
            [
              110.64322885588771,
              0.801437281401743
            ],
            [
              110.64304645583981,
              0.801333213961832
            ],
            [
              110.64296616134688,
              0.801415117044621
            ],
            [
              110.64299118434529,
              0.801274649860042
            ],
            [
              110.64380254298962,
              0.800587900971107
            ],
            [
              110.64468128842172,
              0.799784122090704
            ],
            [
              110.64619623154772,
              0.798328444750497
            ],
            [
              110.64676970839548,
              0.797986377952606
            ],
            [
              110.64663482266076,
              0.798117284515239
            ],
            [
              110.64665115108694,
              0.798117285927274
            ],
            [
              110.6469857490322,
              0.797947651153399
            ],
            [
              110.6479521749945,
              0.798682469574742
            ],
            [
              110.64807569864773,
              0.798605953579657
            ],
            [
              110.64828381457536,
              0.798605971509616
            ],
            [
              110.64831323593171,
              0.798657811075474
            ],
            [
              110.64827885716107,
              0.79868376174311
            ],
            [
              110.64829004706513,
              0.79872883497453
            ],
            [
              110.64841259349114,
              0.798823744219801
            ],
            [
              110.64851785345802,
              0.798802561859774
            ],
            [
              110.6485168101655,
              0.797135455107458
            ],
            [
              110.6475263080152,
              0.797252097955667
            ],
            [
              110.64677252003617,
              0.797983649255524
            ],
            [
              110.64619568516811,
              0.798327719041985
            ],
            [
              110.64468067584902,
              0.799783459986835
            ],
            [
              110.64380195136845,
              0.800587219702101
            ],
            [
              110.64299035709878,
              0.801274168029294
            ],
            [
              110.64296504550653,
              0.801416255238887
            ],
            [
              110.64265262126045,
              0.801734938412692
            ],
            [
              110.64306741701908,
              0.80267076398653
            ],
            [
              110.64329397126188,
              0.803389231899583
            ],
            [
              110.64365172337016,
              0.804029588956012
            ],
            [
              110.64329891011619,
              0.805021662131081
            ],
            [
              110.64264890248872,
              0.805612266254088
            ],
            [
              110.64233263719802,
              0.806407975784321
            ],
            [
              110.64262183166937,
              0.807328140755676
            ],
            [
              110.64265516335583,
              0.808303805683679
            ],
            [
              110.64263371400978,
              0.809660055089905
            ],
            [
              110.64289815220451,
              0.81125105309443
            ],
            [
              110.64324458654885,
              0.812287888105403
            ],
            [
              110.64326730583392,
              0.812769053808453
            ],
            [
              110.6431273403086,
              0.813429210593092
            ],
            [
              110.64323510152823,
              0.814152822794588
            ],
            [
              110.64299864762187,
              0.815273026670992
            ],
            [
              110.64270285301893,
              0.815977545129866
            ],
            [
              110.6422925435779,
              0.816605950726199
            ],
            [
              110.64204832222215,
              0.817243434185369
            ],
            [
              110.64208314218762,
              0.817671525234713
            ],
            [
              110.64227698609636,
              0.818281494345329
            ],
            [
              110.64291869200011,
              0.81952755353038
            ],
            [
              110.64300554663025,
              0.820074309231183
            ],
            [
              110.64295071081831,
              0.821258823612941
            ],
            [
              110.64324175386807,
              0.825926446489671
            ],
            [
              110.64356884315615,
              0.826694907987836
            ],
            [
              110.64417071703278,
              0.827324803096957
            ],
            [
              110.64492635162527,
              0.827779309950456
            ],
            [
              110.64567848383432,
              0.828469223109386
            ],
            [
              110.64853641179984,
              0.828536565812586
            ],
            [
              110.648536411799,
              0.828536564458587
            ]
          ]
        ]
      }
    }
  ]
}